Date,Close/Last,Volume,Open,High,Low
02/10/2023,31.62,74754,30.76,31.71,30.62
02/09/2023,30.68,73831,31.68,31.81,30.645
02/08/2023,31.4,67818,32.13,32.13,31.265
02/07/2023,32.2,69844,32.39,32.39,31.71
02/06/2023,32.49,124025,32.67,32.975,32.165
02/03/2023,32.66,106431,32.34,33.11,32.1
02/02/2023,32.7,63643,32.78,33.09,32.37
02/01/2023,32.41,76341,32.49,32.87,31.845
01/31/2023,32.42,89283,31.22,32.46,31.22
01/30/2023,31.1,63426,31.14,31.35,30.68
01/27/2023,31.29,39754,31.41,31.6699,31.19
01/26/2023,31.49,48032,31,31.53,30.7
01/25/2023,30.85,47721,30.7,30.85,30.34
01/24/2023,30.85,98668,31.73,31.73,30.71
01/23/2023,30.65,68057,30.72,31.23,30.37
01/20/2023,30.57,63509,30.61,30.765,30.11
01/19/2023,30.37,52384,29.76,30.48,29.51
01/18/2023,30.11,53969,30.76,30.9,30.06
01/17/2023,30.56,77564,30.33,31.2432,30.33
01/13/2023,30.27,74651,30.08,30.44,29.795
01/12/2023,30.21,68553,30.72,30.72,30.06
01/11/2023,30.36,58068,30.33,30.75,30.06
01/10/2023,30.23,62807,29,30.29,29
01/09/2023,29.27,82537,30.09,30.319,29.25
01/06/2023,30.03,67423,29.26,30.3,29.08
01/05/2023,28.94,139026,29.07,29.1499,28.345
01/04/2023,29.13,82728,28.72,29.33,28.56
01/03/2023,28.56,161646,27.6,28.62,27.6
12/30/2022,27.54,85924,27.54,27.89,27.345
12/29/2022,27.63,75660,27.18,27.7,27.01
12/28/2022,27.2,135788,27.19,27.715,27.1
12/27/2022,27.14,52903,27.51,27.51,26.85
12/23/2022,27.47,87747,27,27.71,27
12/22/2022,27.3,89399,26.95,27.3,26.43
12/21/2022,27.17,134114,26.95,27.675,26.95
12/20/2022,26.96,176691,26.49,27.29,26.15
12/19/2022,26.65,157927,27.51,27.51,26.48
12/16/2022,27.61,340750,25.78,27.84,25.76
12/15/2022,25.82,153588,25.64,26.05,25.05
12/14/2022,25.87,184808,26.29,26.9,25.63
12/13/2022,26.35,275359,25.11,26.79,25.044
12/12/2022,24.21,77859,24.48,24.48,24.03
12/09/2022,24.52,67913,24.4,25.24,24.18
12/08/2022,24.44,88412,25.04,25.27,24.17
12/07/2022,25.04,137643,24.46,25.185,24.44
12/06/2022,24.52,102122,24.51,24.56,24.15
12/05/2022,24.52,120310,25.01,25.14,24.28
12/02/2022,25.01,143878,24.83,25.74,24.26
12/01/2022,24.79,169007,25.14,25.1951,23.75
11/30/2022,25.15,145120,23.7,25.2,22.86
11/29/2022,23.69,73991,24.02,24.165,23.6
11/28/2022,23.94,84525,24.2,24.21,23.65
11/25/2022,24.21,51102,24.02,24.64,23.91
11/23/2022,24.14,48886,24.03,24.36,23.82
11/22/2022,23.95,54895,23.98,24.31,23.6575
11/21/2022,23.88,85460,24.15,24.21,23.41
11/18/2022,24.07,79366,25.21,25.21,23.911
11/17/2022,24.79,53911,24.54,25.15,24.5
11/16/2022,24.74,109624,25.25,25.25,24.54
11/15/2022,25.29,58841,25.27,25.59,24.88
11/14/2022,24.83,63657,25.35,25.645,24.7808
11/11/2022,25.4,113860,26.01,26.01,25.07
11/10/2022,25.96,107190,25.51,26.305,25.3
11/09/2022,24.43,124713,25.79,25.82,24.4
11/08/2022,26.14,218908,24.86,26.6,24.86
11/07/2022,24.81,136856,24.01,24.86,23.61
11/04/2022,24,182634,23.67,24.05,22.76
11/03/2022,23.48,153435,24.06,24.22,23.31
11/02/2022,24.13,295958,24.06,25.1199,23.77
11/01/2022,23.88,169702,24.72,24.72,23.4
10/31/2022,24.41,177193,24.56,24.77,23.59
10/28/2022,24.3,282544,23.58,24.52,22.71
10/27/2022,23.4,514221,28.3,28.37,23.35
10/26/2022,32.07,143249,31.66,32.67,31.56
10/25/2022,31.47,61938,30.55,31.74,30.45
10/24/2022,30.76,89276,31,31.125,30.4
10/21/2022,30.69,102991,30.74,31.03,29.97
10/20/2022,30.76,96969,31.57,31.83,30.68
10/19/2022,31.47,86514,32.17,32.66,31.25
10/18/2022,32.5,144585,32.17,32.915,31.98
10/17/2022,31.69,110720,31.46,31.995,31.46
10/14/2022,30.94,108614,31.7,31.82,30.88
10/13/2022,31.49,161199,31.22,32.0729,31
10/12/2022,31.79,112953,32.42,32.72,31.74
10/11/2022,32.39,100911,32.87,33.23,31.92
10/10/2022,32.78,63788,32.06,33.2,32.06
10/07/2022,32.23,95919,33,33,31.65
10/06/2022,33.31,92490,33.48,33.79,33.15
10/05/2022,33.59,104551,33.85,34.32,33.48
10/04/2022,34.16,242913,33.74,34.625,33.74
10/03/2022,33.57,107336,32.62,33.91,32
09/30/2022,32.16,124326,32.08,33.24,32.04
09/29/2022,32.12,89576,32.41,32.41,31.36
09/28/2022,32.84,122578,31.87,33.15,31.675
09/27/2022,31.58,154044,31.42,32.27,31.01
09/26/2022,31.21,133773,30.77,31.76,30.77
09/23/2022,30.99,112459,31.29,31.29,30.45
09/22/2022,31.77,118509,32.57,32.57,31.38
09/21/2022,32.65,93352,33.08,33.99,32.53
09/20/2022,33.07,116816,33.42,33.7942,32.5
09/19/2022,33.78,65039,33.78,34.3169,33.4
09/16/2022,34.09,211898,34.12,34.1615,32.79
09/15/2022,34.41,81777,34.33,34.94,34.19
09/14/2022,34.56,98565,35.01,35.01,34.09
09/13/2022,35.02,80315,35.68,35.95,34.8
09/12/2022,36.28,103192,35.64,36.59,35.315
09/09/2022,35.45,54560,35.31,35.63,34.78
09/08/2022,34.9,63537,35.4,35.4,34.64
09/07/2022,35.61,63658,35.35,35.67,34.811
09/06/2022,35.27,74491,35.95,35.95,34.84
09/02/2022,35.68,70692,36.21,36.32,35.41
09/01/2022,35.66,92505,35.2,36.18,35.07
08/31/2022,35.41,204807,36.65,36.8688,35.04
08/30/2022,36.43,113552,37.13,37.13,36.38
08/29/2022,37.01,64626,37.1,37.3,36.66
08/26/2022,37.52,87895,38.03,38.36,37.43
08/25/2022,38.38,46951,38.91,38.91,38.11
08/24/2022,38.56,70144,38.51,39.1,38.13
08/23/2022,38.77,71610,38.22,39.145,38.22
08/22/2022,38.27,105002,39.64,39.655,37.93
08/19/2022,40.18,118481,40.15,40.68,39.69
08/18/2022,40.41,69637,40.37,40.84,40.05
08/17/2022,40.63,127201,40.4,40.905,40.03
08/16/2022,40.63,124722,40.58,41.39,40.41
08/15/2022,41.03,175105,40.5,41.51,40.2034
08/12/2022,39.85,86967,38.4,40.06,38.31
08/11/2022,38.04,85721,38.72,39.1301,37.86
08/10/2022,38.52,108353,37.01,38.93,36.955
08/09/2022,36.38,72583,36.2,36.409,35.64
08/08/2022,35.82,164875,37.13,37.6537,35.74
08/05/2022,36.68,184548,34.54,36.81,34.315
08/04/2022,34.24,143977,36.16,36.37,34.22
08/03/2022,36,189742,38.65,38.7,35.81
08/02/2022,38.66,233698,37.84,40.38,37.5
08/01/2022,37.7,224562,35.94,37.96,35.5367
07/29/2022,36.28,250138,36.78,36.84,34.7
07/28/2022,36.84,358544,39.01,39.69,35.24
07/27/2022,44.05,112927,44.06,44.5219,43.22
07/26/2022,43.67,94107,42.91,43.67,42.81
07/25/2022,42.91,205742,42.53,43.17,42.1501
07/22/2022,42.54,50176,42.58,42.8899,41.99
07/21/2022,42.52,60550,41.17,42.52,40.89
07/20/2022,41.25,64857,40.98,41.49,40.67
07/19/2022,41.11,73122,40.13,41.21,40.13
07/18/2022,39.6,47827,40.85,41.005,39.44
07/15/2022,40.39,65794,39.98,40.87,39.675
07/14/2022,39.32,60351,38.55,39.69,38.45
07/13/2022,39.08,70223,39,39.339,38.68
07/12/2022,39.17,66147,39.25,39.76,39.09
07/11/2022,39.37,47080,39.79,40.0965,39.25
07/08/2022,39.98,49999,39.9,40.18,39.58
07/07/2022,39.94,56287,39.74,40.35,39.74
07/06/2022,39.54,72082,40.08,40.22,39.2
07/05/2022,39.93,76570,39.76,40.01,38.95
07/01/2022,40.23,72500,39.42,40.31,39.34
06/30/2022,39.65,155016,38.52,39.65,37.8337
06/29/2022,39.01,117069,39.43,39.43,38.72
06/28/2022,39.34,146112,40.07,40.63,39.32
06/27/2022,39.81,127241,39.61,39.98,38.6338
06/24/2022,39.4,602828,37.64,39.4,37.64
06/23/2022,37.56,136892,36.91,37.57,36.57
06/22/2022,36.88,163082,37.01,37.62,36.5
06/21/2022,37.74,120387,36.35,37.76,36.135
06/17/2022,35.64,233644,36.1,36.35,35.46
06/16/2022,35.98,133384,37.84,37.84,35.69
06/15/2022,38.38,186444,38,38.82,37.92
06/14/2022,37.91,123863,37.3,37.9986,37.15
06/13/2022,37.34,180458,38.87,38.87,37.09
06/10/2022,39.57,155555,40.26,40.26,39.105
06/09/2022,40.92,139318,40.66,41.33,40.11
06/08/2022,41.1,90929,41.71,41.875,40.925
06/07/2022,41.89,70060,40.99,41.94,40.99
06/06/2022,41.37,87999,40.93,41.56,40.22
06/03/2022,40.64,71402,41.31,41.33,40.44
06/02/2022,41.6,76562,40.94,41.745,40.9
06/01/2022,40.87,84538,40.7,41.215,40
05/31/2022,40.37,216078,40.22,40.77,39.53
05/27/2022,40.42,93773,40.11,40.76,40.05
05/26/2022,40.05,75193,39.57,40.57,39.42
05/25/2022,39.16,114906,38.42,39.74,38.42
05/24/2022,38.8,89771,39.07,39.115,38
05/23/2022,38.71,102963,38.74,39.33,38.12
05/20/2022,38.33,97774,38.71,38.84,37.3331
05/19/2022,38.5,117927,38.36,39.16,37.78
05/18/2022,38.68,91291,40.14,40.23,38.51
05/17/2022,40.67,93392,39.97,40.83,39.84
05/16/2022,39.52,207428,39.38,40.06,39.175
05/13/2022,39.52,74682,39.9,40.55,39.49
05/12/2022,39.49,124365,39.11,40,38.61
05/11/2022,38.99,212540,39.59,40.695,38.9
05/10/2022,39.29,263363,40.23,40.97,39.15
05/09/2022,40.07,171351,40.67,40.7999,39.5
05/06/2022,41.3,112366,41.33,41.5283,40.22
05/05/2022,41.49,85554,42.81,42.95,40.88
05/04/2022,43.34,139876,42.14,43.57,41.575
05/03/2022,41.57,139233,41.98,42.04,41.07
05/02/2022,42.15,140140,43.05,44.05,41.32
04/29/2022,42.89,193077,44.32,44.6,42.37
04/28/2022,44.87,283798,49.63,49.63,44.36
04/27/2022,48.62,114406,48.53,49.11,48.315
04/26/2022,48.48,80430,49.44,50.42,48.31
04/25/2022,49.73,120405,49.05,49.789,48.35
04/22/2022,49.59,262606,52.02,52.07,49.41
04/21/2022,52.27,57599,53.28,53.68,52.02
04/20/2022,52.99,82334,53.44,53.95,52.71
04/19/2022,53.14,68742,52.05,53.63,52.05
04/18/2022,52.21,53127,51.8,52.65,51.62
04/14/2022,51.88,74287,52.29,52.62,51.78
04/13/2022,52,76689,51.49,52.21,51.02
04/12/2022,51.53,61697,51.31,52.07,51.28
04/11/2022,50.88,49866,51.46,51.63,50.83
04/08/2022,51.62,92772,51.5,52.47,51.39
04/07/2022,51.61,68660,51.09,52,50.85
04/06/2022,51.11,103264,52.5,52.79,50.92
04/05/2022,52.62,111949,52.25,53.17,52
04/04/2022,52.33,108535,52.4,52.51,50.84
04/01/2022,52.49,134184,53.28,53.28,51.15
03/31/2022,53.33,209305,53.08,54.1,52.56
03/30/2022,52.85,283606,52.7,53.29,52.38
03/29/2022,52.92,123326,54.73,54.84,52.77
03/28/2022,54.22,74596,55.09,55.199,53.705
03/25/2022,54.86,83666,54.55,54.94,53.76
03/24/2022,54.59,82234,53.37,54.65,52.9477
03/23/2022,53.35,128464,55.05,55.05,53.14
03/22/2022,55.17,74300,55.39,55.9,55.02
03/21/2022,55.25,97380,56.16,56.16,55.03
03/18/2022,56.06,179189,54.19,56.2784,54.02
03/17/2022,54.13,100218,54.49,54.9,54.045
03/16/2022,54.65,123044,53.99,54.75,53.53
03/15/2022,53.36,137360,52.89,53.91,52.53
03/14/2022,52.61,175280,51.31,52.72,51.16
03/11/2022,51.16,104707,51.85,52.8886,51.05
03/10/2022,51.64,107160,49.99,51.835,49.99
03/09/2022,50.49,191276,51.29,52.04,50.2
03/08/2022,50.68,154105,50.56,51.91,50.51
03/07/2022,50.66,141536,51.12,51.8899,50.03
03/04/2022,51.21,117388,49.96,51.5065,49.59
03/03/2022,50.57,89894,50.84,51.38,50
03/02/2022,50.81,117669,50.07,51.7,50.07
03/01/2022,49.89,166212,49.47,50.49,48.8941
02/28/2022,49.21,122839,49.8,50.52,48.95
02/25/2022,50.34,136936,49.31,50.37,47.53
02/24/2022,48.98,189781,48.35,49.7072,47.07
02/23/2022,49.48,125329,50.1,50.32,49.05
02/22/2022,49.49,107175,49.08,50.5399,48.9707
02/18/2022,49.5,130474,49.08,49.95,48.67
02/17/2022,49.32,110669,50.84,50.84,49.1
02/16/2022,51.09,104908,51.59,51.8469,50.58
02/15/2022,51.61,113144,51.7,52.0985,50.94
02/14/2022,50.8,193022,50.6,51.63,50.4
02/11/2022,50.51,93879,51.45,51.94,50.08
02/10/2022,51.31,189713,51.72,52.31,51.03
02/09/2022,52.29,221652,51.54,52.365,51.53
02/08/2022,50.9,173612,50.13,51.15,50.03
02/07/2022,50.07,230523,49.05,50.66,49.05
02/04/2022,48.69,188452,48.37,49.34,47.18
02/03/2022,48.89,82464,48.79,49.74,48.62
02/02/2022,49.35,122040,50.13,50.13,48.56
02/01/2022,49.83,92398,50.34,50.7753,49.02
01/31/2022,50.32,134884,48.52,50.32,48.42
01/28/2022,48.75,148992,48.39,48.76,46.8
01/27/2022,48.13,144200,50.05,50.804,47.88
01/26/2022,49.92,141629,51.64,52.34,49.37
01/25/2022,50.9,125095,52.18,52.535,50.85
01/24/2022,52.83,138019,51.3,53.21,50.2801
01/21/2022,52.08,210268,52.45,53.03,51.51
01/20/2022,52.48,214926,54.75,55.22,52.35
01/19/2022,54.66,204323,56.05,56.05,54.63
01/18/2022,55.72,122466,57.8,57.8,55.605
01/14/2022,58.1,139251,57.75,58.305,57.31
01/13/2022,58.19,81147,58.28,58.47,57.35
01/12/2022,57.83,210547,57.33,58.36,56.99
01/11/2022,57.32,117101,57.36,57.36,56.335
01/10/2022,57.4,122856,57.43,57.5671,56.39
01/07/2022,57.97,108229,59.2,59.46,57.76
01/06/2022,59.47,115890,58.92,59.87,58.1646
01/05/2022,59.12,230883,61.47,61.652,58.81
01/04/2022,61.5,146391,61.96,62.99,61.39
01/03/2022,61.74,180832,64.64,65.16,61.05
12/31/2021,64.44,204252,64.87,65.38,64.42
12/30/2021,64.49,129651,65.91,66.33,64.41
12/29/2021,65.91,134269,65.2,66.33,64.8265
12/28/2021,64.99,142991,64.4,66.29,64.13
12/27/2021,63.8,189438,63.09,64.11,62.1
12/23/2021,62.66,255205,63.1,63.9,62.46
12/22/2021,63.08,201465,60.88,63.09,60.88
12/21/2021,60.89,190503,59.64,60.97,59.24
12/20/2021,59.24,335991,59.26,59.545,56
12/17/2021,59.42,483042,58.07,60.1099,57.56
12/16/2021,58.33,503837,57.78,58.69,57.59
12/15/2021,57.53,276810,55.72,58.21,55.6
12/14/2021,55.63,268946,55.99,57.54,55.52
12/13/2021,56.16,202207,55.95,57.2675,55.43
12/10/2021,56.23,152015,55.3,56.82,55.3
12/09/2021,55.44,215672,57.08,58.33,55.33
12/08/2021,57.54,233484,55.83,57.87,55.62
12/07/2021,55.46,186647,54.96,56.56,54.95
12/06/2021,54.51,159197,53.58,54.73,52.98
12/03/2021,53.26,179716,53.96,54.03,52.79
12/02/2021,53.88,168061,52.08,54.295,52.04
12/01/2021,52.07,200088,52.67,53.4275,52
11/30/2021,51.74,325391,51,52.6,50.81
11/29/2021,51.15,160265,53.13,53.2613,51.02
11/26/2021,52.95,106355,52.9,53.18,51.92
11/24/2021,53.86,175760,54.03,55.02,53.83
11/23/2021,54.12,237591,52.94,54.47,52.94
11/22/2021,52.64,210303,51.93,53.32,51.54
11/19/2021,51.76,206383,51.48,52.76,51.48
11/18/2021,51.74,127233,51.99,52.6,51.36
11/17/2021,51.86,228642,51.31,52.26,51.21
11/16/2021,51.57,115704,50.54,51.7,50.3508
11/15/2021,50.47,168529,50.45,51.36,50.19
11/12/2021,50.42,86002,49.62,50.73,49.62
11/11/2021,49.97,89891,48.86,50.635,48.85
11/10/2021,48.78,134949,49.36,50.07,48.51
11/09/2021,49.49,197065,50.05,50.79,49.4
11/08/2021,49.87,175134,49.37,50.64,49.0553
11/05/2021,49,192630,48.97,50.11,48.91
11/04/2021,48.44,71088,48.39,48.72,48.01
11/03/2021,48.3,83150,48.37,49.11,48.22
11/02/2021,48.62,152309,50.78,50.78,48.48
11/01/2021,50.78,177559,51.51,52,49.59
10/29/2021,51.45,198543,50.87,52.44,50.5
10/28/2021,50.22,308954,45.7,50.67,45.7
10/27/2021,43.96,93058,43.93,44.46,43.78
10/26/2021,44.37,79694,43.99,44.74,43.74
10/25/2021,43.97,105250,44.54,44.96,43.38
10/22/2021,44.23,110901,44.4,44.88,43.91
10/21/2021,44.24,91094,44.15,44.54,44.08
10/20/2021,43.99,39599,43.95,44.625,43.8102
10/19/2021,44.15,43228,45.28,45.28,44.05
10/18/2021,45.02,111114,44.15,45.305,44
10/15/2021,44.16,110532,45.61,45.63,44.16
10/14/2021,44.95,81035,45.56,45.98,44.85
10/13/2021,45.25,27874,45.81,45.92,45.165
10/12/2021,45.62,143858,45.78,46.05,45.21
10/11/2021,45.57,32224,45.66,46.15,45.39
10/08/2021,45.66,32063,45.73,45.97,45.4
10/07/2021,45.67,46323,45.39,45.96,45.28
10/06/2021,45.17,69528,44.53,45.31,44.15
10/05/2021,45.02,131898,44.67,45.55,43.87
10/04/2021,44.64,75209,45.15,45.15,44.45
10/01/2021,45.16,84520,44.91,45.41,44.29
09/30/2021,44.59,168770,44.98,45.8585,44.48
09/29/2021,44.78,179671,44.6,45.0699,44.13
09/28/2021,44.47,128005,45.04,45.29,44.41
09/27/2021,44.95,151871,44.25,45.33,44.25
09/24/2021,44.2,144338,43.76,44.72,43.5
09/23/2021,43.9,168438,43.6,44.17,43.5
09/22/2021,43.42,180636,42.86,43.96,42.45
09/21/2021,42.65,256552,45,45.25,42.561
09/20/2021,44.91,216935,44.97,45.96,44.63
09/17/2021,45.76,281544,46.12,46.2,45.45
09/16/2021,46,171853,45.7,46.175,45.59
09/15/2021,45.27,136043,45.02,45.7,45.02
09/14/2021,45.17,164735,45.5,45.53,45.01
09/13/2021,45.58,147961,46.1,46.23,45.3
09/10/2021,46.1,109522,46.37,46.4405,45.77
09/09/2021,46.3,174374,46.64,47.835,46.3
09/08/2021,46.61,126534,46.47,47.14,46.4
09/07/2021,46.71,136719,48.03,48.075,46.29
09/03/2021,48.23,139748,48.45,48.515,47.4995
09/02/2021,48.18,206053,47.64,48.6099,47.575
09/01/2021,47.2,211539,46.17,47.675,45.935
08/31/2021,46.23,179503,45.2,46.5,44.89
08/30/2021,45.29,230004,45.67,45.83,45.1
08/27/2021,45.4,208721,44.84,45.89,44.84
08/26/2021,44.78,261466,43.54,45.59,43.54
08/25/2021,43.54,167360,42.53,44.12,42.53
08/24/2021,42.37,152869,41.3,42.58,41.3
08/23/2021,41.33,115005,40.26,41.71,40.2
08/20/2021,40.11,181312,39.27,40.17,39.08
08/19/2021,39.3,102155,39.37,39.59,39.09
08/18/2021,39.47,125613,38.86,40.83,38.71
08/17/2021,38.94,118218,39.4,39.68,38.75
08/16/2021,39.48,106100,38.83,40.015,38.83
08/13/2021,38.87,108113,39.45,39.9199,38.675
08/12/2021,39.48,262545,38.91,39.875,38.86
08/11/2021,38.7,66704,38.05,38.76,37.805
08/10/2021,37.92,76044,37.27,37.99,37.265
08/09/2021,37.26,54145,37.04,37.4699,36.76
08/06/2021,37.01,69109,36.77,37.33,36.73
08/05/2021,36.6,55357,37.06,37.2,36.58
08/04/2021,36.93,64107,36.88,37.31,36.65
08/03/2021,36.99,88469,36.86,37.21,36.39
08/02/2021,36.73,63021,37.49,37.69,36.63
07/30/2021,37.18,87705,36.87,37.5,36.8301
07/29/2021,37.15,116686,36.7,37.86,36.51
07/28/2021,36.25,121888,36.92,37.18,35.18
07/27/2021,36.5,46380,36.25,36.54,35.89
07/26/2021,36.54,102616,36.05,36.58,36.05
07/23/2021,35.84,36654,35.73,35.94,35.24
07/22/2021,35.5,29601,35.84,35.84,35.36
07/21/2021,35.95,87051,36.26,36.6399,35.85
07/20/2021,35.9,78405,35.37,36.37,35.17
07/19/2021,35.08,109405,34.51,35.14,34.1
07/16/2021,34.98,41019,35.53,35.6899,34.98
07/15/2021,35.24,82853,34.9,35.595,34.8
07/14/2021,35.18,104917,35.56,35.56,35.07
07/13/2021,35.33,48551,35.43,35.72,35.05
07/12/2021,35.75,114498,34.72,35.94,34.63
07/09/2021,34.83,43165,34.95,35.125,34.7
07/08/2021,34.61,76225,34.66,35.22,34.17
07/07/2021,35.3,85696,35.7,35.83,35.19
07/06/2021,35.78,53743,36.75,36.75,35.64
07/02/2021,36.62,65250,36.8,36.8,36.25
07/01/2021,36.57,133440,37.07,37.27,36.5
06/30/2021,36.97,79735,36.6,37.37,36.5327
06/29/2021,36.78,96491,36.84,37.24,36.71
06/28/2021,36.87,114680,36.67,36.91,36.05
06/25/2021,36.8,345846,37.15,37.62,36.8
06/24/2021,37.31,57367,36.62,37.41,36.415
06/23/2021,36.48,129016,37.01,37.01,36.37
06/22/2021,36.89,110018,37.25,37.57,36.83
06/21/2021,37.4,77152,37.34,37.48,36.91
06/18/2021,37,139593,37.23,37.25,36.77
06/17/2021,37.68,68299,38.1,38.41,37.54
06/16/2021,38.12,90607,37.96,38.45,37.96
06/15/2021,38.21,61695,37.97,38.55,37.735
06/14/2021,37.74,65587,38.27,38.69,37.7
06/11/2021,38.24,117619,37.81,38.79,37.77
06/10/2021,37.82,84632,38.54,38.57,37.82
06/09/2021,38.72,134926,39.58,39.65,38.58
06/08/2021,38.72,58889,38.59,39.015,38.43
06/07/2021,38.47,52001,38.04,38.66,38.0101
06/04/2021,38.04,71266,37.78,38.24,37.48
06/03/2021,37.75,69671,37.88,37.88,37.36
06/02/2021,38.08,47560,39,39,38.02
06/01/2021,38.78,65514,38.6,39.13,38.39
05/28/2021,38.36,44028,38.48,38.48,37.9
05/27/2021,38.26,125696,37.97,38.59,37.93
05/26/2021,37.49,60211,37.23,37.7,37.1
05/25/2021,37.23,68838,38.23,38.415,37.22
05/24/2021,38.25,56449,38.34,38.61,38.18
05/21/2021,38.25,55274,38.14,38.4342,38.03
05/20/2021,37.95,62392,37.57,38.205,37.38
05/19/2021,37.44,69867,37.17,37.46,36.71
05/18/2021,37.44,104069,37.89,38.29,37.41
05/17/2021,37.93,48748,37.92,38.405,37.63
05/14/2021,38.05,85739,37.77,38.13,37.29
05/13/2021,37.12,30956,36.5,37.21,36.5
05/12/2021,36.58,58403,37.14,37.37,36.55
05/11/2021,37.15,65716,37.75,37.75,36.84
05/10/2021,37.87,74479,38.5,38.62,37.87
05/07/2021,38.64,41830,38.5,39.21,38.44
05/06/2021,38.53,56153,38.62,38.75,38.09
05/05/2021,38.62,86797,38.56,39.3275,38.39
05/04/2021,37.63,87912,37.63,37.96,37.35
05/03/2021,37.73,51308,37.22,37.88,37.22
04/30/2021,37.18,76926,37.63,37.63,36.88
04/29/2021,37.81,53038,38.34,38.34,37.59
04/28/2021,38.23,63685,37.79,38.3,37.31
04/27/2021,37.73,85486,37.93,38.18,37.63
04/26/2021,37.77,172181,38.28,38.28,37.55
04/23/2021,37.92,107385,38.34,38.99,37.77
04/22/2021,37.69,184783,36.9,38.21,36.38
04/21/2021,36.03,54962,36.08,36.64,35.83
04/20/2021,35.99,104604,36.01,36.14,35.23
04/19/2021,35.84,75490,35.7,36.12,35.3
04/16/2021,35.83,52137,35.77,35.91,35.25
04/15/2021,35.5,33847,36.29,36.29,35.25
04/14/2021,36.1,84487,35.25,36.385,35.1336
04/13/2021,35.28,53899,35.12,35.61,34.96
04/12/2021,35.23,43152,35.13,35.3421,34.87
04/09/2021,35.22,52645,35.38,35.422,35.0881
04/08/2021,35.32,116196,35.75,35.79,34.907
04/07/2021,35.76,83250,36.55,36.68,35.565
04/06/2021,36.66,66085,36.65,36.93,36.35
04/05/2021,36.53,114030,36.58,36.8507,36.2
04/01/2021,36.14,111371,35.27,36.34,35.1
03/31/2021,35.19,221791,35.35,36.48,34.98
03/30/2021,35.11,87146,35.19,35.68,34.95
03/29/2021,35.1,83276,34.96,35.5699,34.91
03/26/2021,35.24,54092,35.12,35.29,34.67
03/25/2021,34.94,75727,34.39,35.06,33.7087
03/24/2021,34.65,119027,35.79,36.1641,34.55
03/23/2021,35.38,111473,36.24,36.52,35.27
03/22/2021,36.55,113037,36.95,37.13,36.1
03/19/2021,36.82,391576,36.82,38.22,36.73
03/18/2021,36.81,91270,36.12,36.96,36.12
03/17/2021,36.27,66092,36.23,36.52,35.5838
03/16/2021,36.05,72223,36.42,36.5,35.55
03/15/2021,36.48,114244,36,36.48,35.2
03/12/2021,36.14,117505,36.75,36.86,36.08
03/11/2021,36.52,120861,36.72,36.9377,36.35
03/10/2021,36.79,102226,35.9,36.84,35.865
03/09/2021,35.79,114366,36.33,36.33,35.69
03/08/2021,36.06,129411,34.95,36.34,34.53
03/05/2021,34.06,114940,33.58,34.12,32.78
03/04/2021,33.23,107313,33.65,33.96,33.06
03/03/2021,33.88,71712,33.99,34.2499,33.45
03/02/2021,33.65,80300,34.11,34.41,33.3684
03/01/2021,34.17,77820,33.55,34.18,33.55
02/26/2021,32.96,151256,33.05,33.51,32.71
02/25/2021,33.27,80206,33.85,33.995,33.13
02/24/2021,33.86,104642,33.8,34.12,33.525
02/23/2021,33.8,147779,34.34,34.83,33.74
02/22/2021,34.7,120398,34.13,35.235,34.13
02/19/2021,34.46,96052,34.71,34.92,34.21
02/18/2021,34.34,331327,34.63,35.23,32.74
02/17/2021,34.79,90129,34.71,34.81,33.69
02/16/2021,35.3,106210,36.85,36.85,35.09
02/12/2021,36.58,115119,36.56,36.7,36.02
02/11/2021,36.57,160304,36.19,36.8146,36.05
02/10/2021,36.06,117518,36,36.2,35.44
02/09/2021,35.83,74539,35.66,35.98,35.5
02/08/2021,35.75,57058,35.33,35.75,35.19
02/05/2021,35.11,49446,35.26,35.27,34.74
02/04/2021,35,59372,34.08,35.245,34.02
02/03/2021,33.98,85261,34.13,34.35,33.72
02/02/2021,34.12,54742,33.66,34.13,33.38
02/01/2021,33.28,56068,33.41,33.62,33.11
01/29/2021,33.12,93973,33.59,34.225,32.99
01/28/2021,33.67,118575,34.87,34.87,33.63
01/27/2021,34.73,124623,35.51,35.63,34.13
01/26/2021,35.98,100876,35.42,36.12,35.24
01/25/2021,35.36,136784,34.69,35.41,34.345
01/22/2021,34.81,80683,34.26,34.82,33.57
01/21/2021,34.57,95097,34.46,35.02,34.4
01/20/2021,34.41,101597,33.95,34.64,33.95
01/19/2021,34.02,76922,33.98,34.57,33.79
01/15/2021,33.62,60132,33.69,34.1,33.17
01/14/2021,33.94,90736,33.62,34.07,33.45
01/13/2021,33.35,76077,33.13,33.41,32.83
01/12/2021,33.24,82114,33.37,33.72,33
01/11/2021,33.12,78618,33.25,33.91,33
01/08/2021,33.63,92393,34.11,34.18,33.25
01/07/2021,33.98,117704,34,34.43,33.66
01/06/2021,33.43,157063,32.05,34,32.05
01/05/2021,31.81,94905,31,32.02,31
01/04/2021,30.97,78019,31.52,31.6165,30.71
12/31/2020,31.32,53202,31,31.54,30.905
12/30/2020,30.94,46536,31.06,31.67,30.89
12/29/2020,30.76,80387,31.3,31.75,30.4177
12/28/2020,31.4,86510,31,31.59,30.99
12/24/2020,30.84,29945,30.71,30.95,30.28
12/23/2020,30.49,81259,30.55,31.11,30.38
12/22/2020,30.51,71386,30.33,30.61,29.99
12/21/2020,30.2,92460,29.8,30.42,29.3
12/18/2020,30,232778,29.81,30.56,29.34
12/17/2020,29.75,135077,29.01,29.775,28.781
12/16/2020,29.05,91209,29.51,29.54,28.78
12/15/2020,29.5,83045,29.77,29.77,29.37
12/14/2020,29.45,100417,30.15,30.2738,29.11
12/11/2020,29.71,107449,30.61,30.7,29.64
12/10/2020,30.72,261954,31.99,31.99,29.9
12/09/2020,29.85,177064,29.48,30.61,29.38
12/08/2020,29.26,114425,28.32,29.38,28.23
12/07/2020,28.54,58328,28.64,28.8,28.29
12/04/2020,28.65,43873,27.91,28.7,27.88
12/03/2020,27.73,42650,27.74,28.17,27.6
12/02/2020,27.69,55579,27.7,27.86,27.21
12/01/2020,27.87,96015,27.35,28.76,27.31
11/30/2020,27.21,108526,28.39,28.39,27.15
11/27/2020,28.46,28843,28.74,28.78,28.002
11/25/2020,28.81,70044,29.1,29.27,28.54
11/24/2020,29.23,112559,29.15,29.495,28.95
11/23/2020,28.9,58507,29.24,29.3905,28.82
11/20/2020,28.89,62970,28.68,29,28.12
11/19/2020,28.72,46313,28.58,28.99,28.33
11/18/2020,28.61,52334,28.93,29.28,28.61
11/17/2020,28.92,57199,29.3,29.7899,28.73
11/16/2020,29.22,134335,28.53,29.7199,28.25
11/13/2020,27.88,60763,27.36,28.095,27.22
11/12/2020,27.18,68832,26.99,27.38,26.52
11/11/2020,27.07,49196,27.11,27.55,26.685
11/10/2020,27.14,60298,27.13,27.62,26.51
11/09/2020,26.79,128849,27.53,28.61,26.78
11/06/2020,27.05,60436,27.89,27.89,26.97
11/05/2020,27.78,47091,27.48,28.26,27.4151
11/04/2020,27.35,69403,27.33,27.84,27.07
11/03/2020,27.74,108854,26.51,27.93,26.5
11/02/2020,26.27,87616,26.14,26.46,25.95
10/30/2020,25.81,121308,25.76,26.13,25.45
10/29/2020,25.7,123018,25.78,26.23,25.07
10/28/2020,25.5,304466,24.07,26.18,23.6
10/27/2020,24.26,88810,24.05,24.38,23.75
10/26/2020,24.04,48393,24.49,24.49,23.71
10/23/2020,24.75,59498,24.56,25.22,24.56
10/22/2020,24.5,46536,24.14,24.65,23.95
10/21/2020,24.03,34467,23.88,24.06,23.76
10/20/2020,23.77,58293,23.94,24.08,23.64
10/19/2020,23.75,62362,24.15,24.165,23.61
10/16/2020,24.05,77576,23.71,24.31,23.5677
10/15/2020,23.85,110854,23.21,24,22.98
10/14/2020,23.49,103486,23.76,24.0182,23.36
10/13/2020,23.84,66796,23.91,24.05,23.59
10/12/2020,24.15,49048,23.99,24.34,23.79
10/09/2020,24,67062,23.85,24.37,23.72
10/08/2020,23.79,84868,23.75,23.98,23.7
10/07/2020,23.57,92224,23.77,24.27,23.52
10/06/2020,23.58,116838,24.37,24.48,23.48
10/05/2020,24.36,142469,23.57,24.43,23.57
10/02/2020,23.5,102451,22.3,23.55,22.255
10/01/2020,22.51,73352,22.29,22.55,21.96
09/30/2020,22.31,69675,21.72,22.4,21.69
09/29/2020,21.82,57864,22.08,22.11,21.74
09/28/2020,21.99,86965,21.56,22.23,21.53
09/25/2020,21.31,81824,20.86,21.53,20.86
09/24/2020,21.05,73716,20.86,21.31,20.71
09/23/2020,20.81,92236,20.24,20.92,20.24
09/22/2020,20.38,53444,21.02,21.02,20.22
09/21/2020,20.88,130471,21.05,21.05,20.37
09/18/2020,21.46,179046,21.2,21.59,20.99
09/17/2020,21.02,67201,21.12,21.2,20.8901
09/16/2020,21.35,92288,21.18,21.62,21.06
09/15/2020,21.17,79541,22.44,22.65,21.1
09/14/2020,22.19,165595,21.5,22.33,21.32
09/11/2020,21.19,170751,21.38,21.38,20.68
09/10/2020,21.29,157101,21.9,22.09,21.27
09/09/2020,21.9,125948,21.56,22.36,21.56
09/08/2020,21.52,72234,22.03,22.03,21.41
09/04/2020,22.15,66062,22.43,22.43,21.85
09/03/2020,22.09,112963,22.55,22.56,21.92
09/02/2020,22.49,74053,22.27,22.6,22.1
09/01/2020,22.27,68768,22.03,22.29,21.98
08/31/2020,22.14,94173,22.29,22.32,21.945
08/28/2020,22.37,31467,22.69,22.69,22.2
08/27/2020,22.52,61252,22.11,22.61,22.11
08/26/2020,22.2,55548,22.51,22.51,22.12
08/25/2020,22.57,82980,22.99,23.16,22.48
08/24/2020,22.71,71617,22.37,22.85,22.18
08/21/2020,22.31,86452,22.29,22.345,22.18
08/20/2020,22.45,52781,22.56,22.65,22.36
08/19/2020,22.86,90965,22.44,23.39,22.44
08/18/2020,22.5,76386,22.73,22.73,22.31
08/17/2020,22.82,57473,23.02,23.04,22.76
08/14/2020,22.97,49481,23.07,23.17,22.82
08/13/2020,23.22,66537,23.23,23.4,22.89
08/12/2020,23.44,70429,23.79,23.79,23.17
08/11/2020,23.43,107937,23.7,24.01,23.3
08/10/2020,23.47,108824,23.07,23.8,23.07
08/07/2020,23.07,156588,22.56,23.17,22.53
08/06/2020,22.66,119521,22.5,22.92,22.41
08/05/2020,22.45,135462,22.59,22.7,22.1801
08/04/2020,22.34,101576,22.18,22.65,22.11
08/03/2020,22.25,176206,22.42,22.46,21.78
07/31/2020,22.11,235803,22.77,22.88,21.2
07/30/2020,23.1,216137,22.92,23.165,22.25
07/29/2020,23.3,369485,21.87,23.9,21.45
07/28/2020,19.65,144526,19.3,19.96,18.91
07/27/2020,19.42,100575,18.94,19.47,18.63
07/24/2020,18.9,66998,19.45,19.63,18.77
07/23/2020,19.4,390798,18.92,19.61,18.81
07/22/2020,18.75,99935,18.43,18.815,18.32
07/21/2020,18.58,113291,18.3,18.82,18.0901
07/20/2020,18.08,130493,18.39,18.435,17.79
07/17/2020,18.56,90419,18.96,19.05,18.46
07/16/2020,18.95,124140,18.65,19.03,18.47
07/15/2020,18.73,151701,18.34,18.98,18.34
07/14/2020,18.08,98302,17.94,18.18,17.75
07/13/2020,17.85,172909,17.88,18.39,17.75
07/10/2020,17.57,82989,17.08,17.58,17.08
07/09/2020,17.11,175701,17.49,17.57,16.7401
07/08/2020,17.6,186437,17.82,17.82,17.4
07/07/2020,17.85,198351,17.67,17.995,17.4744
07/06/2020,17.92,126811,18.15,18.15,17.58
07/02/2020,17.66,91404,18.18,18.35,17.57
07/01/2020,17.82,133264,18.14,18.21,17.63
06/30/2020,18.12,181499,18.09,18.73,17.97
06/29/2020,18.25,140277,18.01,18.45,17.81
06/26/2020,17.77,229131,17.8,17.8999,17.43
06/25/2020,18.02,127272,18.06,18.06,17.67
06/24/2020,18.11,160743,18.48,18.54,18.08
06/23/2020,18.67,91857,19.22,19.22,18.64
06/22/2020,18.98,203138,19.26,19.26,18.5401
06/19/2020,19.12,213062,19.36,19.39,18.66
06/18/2020,19.17,156041,18.83,19.28,18.83
06/17/2020,18.99,98950,19.45,19.45,18.82
06/16/2020,19.46,166975,19.5,19.63,18.79
06/15/2020,19.12,141152,18.33,19.42,18.21
06/12/2020,18.74,163293,19.08,19.1032,18.08
06/11/2020,18.37,202791,18.99,19.08,18.2827
06/10/2020,19.67,119128,20.39,20.84,19.6
06/09/2020,20.24,178103,20.51,20.63,19.67
06/08/2020,20.89,146814,20.17,20.99,19.96
06/05/2020,19.8,156508,19.6,20.015,19.54
06/04/2020,19.3,140112,19.9,19.9,19
06/03/2020,19.92,213936,19.09,20.09,19.04
06/02/2020,18.67,199559,18.37,18.91,18.32
06/01/2020,18.37,178286,18.92,18.93,18.35
05/29/2020,18.72,178489,18.26,18.78,18.135
05/28/2020,18.52,119402,19.15,19.32,18.4
05/27/2020,18.94,121051,18.49,19.16,17.96
05/26/2020,18.46,148549,19.07,19.285,18.43
05/22/2020,18.49,155560,18.73,18.97,18.225
05/21/2020,18.6,267021,19.2,19.22,18.3301
05/20/2020,19.27,646768,17.36,19.98,17.3
05/19/2020,15.79,286762,15.4,16.3888,15.27
05/18/2020,15.32,138424,14.95,15.52,14.78
05/15/2020,14.38,107145,14.24,14.45,14.11
05/14/2020,14.27,194120,14.11,14.32,13.838
05/13/2020,14.47,491153,15.36,15.5,14.26
05/12/2020,15.5,165925,15.83,15.88,15.48
05/11/2020,15.84,170868,15.98,16.02,15.47
05/08/2020,15.86,127963,15.6,15.98,15.3
05/07/2020,15.27,179135,15.28,15.3895,14.93
05/06/2020,15.01,201577,15,15.32,14.88
05/05/2020,14.77,190811,15.1,15.44,14.66
05/04/2020,14.77,187029,14.6,15.04,14.2444
05/01/2020,14.81,153574,14.7,15.065,14.6
04/30/2020,15.02,653312,16.78,16.83,14.55
04/29/2020,17.28,279577,16.19,17.35,16.15
04/28/2020,15.91,145305,15.5,15.95,15.3
04/27/2020,15.11,364802,14.75,15.41,14.75
04/24/2020,14.75,87415,15.14,15.16,14.68
04/23/2020,14.99,93677,14.97,15.22,14.75
04/22/2020,14.83,113573,15.08,15.08,14.62
04/21/2020,14.85,188420,14.71,15.1,14.34
04/20/2020,15.21,161034,14.67,15.41,14.43
04/17/2020,14.96,227197,14.07,15.12,14.05
04/16/2020,13.8,203414,14.56,14.59,13.54
04/15/2020,14.49,188294,15.07,15.405,14.23
04/14/2020,15.4,231128,15.7,15.89,15
04/13/2020,15.19,135369,15.66,15.7776,15.01
04/09/2020,15.72,164869,15.33,15.8794,15.2585
04/08/2020,15.08,225038,14.88,15.47,14.61
04/07/2020,14.73,383362,14.51,15.1633,14.41
04/06/2020,14.23,413074,14.22,14.805,13.71
04/03/2020,13.96,146939,14.99,15.11,13.92
04/02/2020,14.9,170792,15.4,15.87,14.62
04/01/2020,15.72,189410,15.95,16.38,15.3589
03/31/2020,16.15,237966,17.82,17.85,16.02
03/30/2020,17.09,380166,16.26,17.935,15.96
03/27/2020,15.51,260382,14.04,15.75,13.6044
03/26/2020,14.24,247461,14.81,15.3884,14.02
03/25/2020,14.74,181309,15.05,15.67,14.58
03/24/2020,14.99,150098,14.6,15.13,13.93
03/23/2020,14.1,269179,15.93,16.68,14.05
03/20/2020,15.46,272826,15.34,16.74,15.34
03/19/2020,15.17,247405,16.62,18.1526,14.91
03/18/2020,16.17,340283,15.13,16.67,14.92
03/17/2020,15.63,189046,14.35,16.1,14.08
03/16/2020,14.07,195670,15.47,16,14.005
03/13/2020,16.78,278344,16.21,17.1,15.61
03/12/2020,15.71,200325,16.4,17.55,15.67
03/11/2020,17.33,143620,18.43,18.5,16.92
03/10/2020,18.83,337114,19.62,19.94,18.23
03/09/2020,19.3,176194,20.03,20.32,19.1
03/06/2020,20.6,153946,20.49,20.94,20.17
03/05/2020,20.9,161164,20.35,21.12,20.24
03/04/2020,20.3,182311,19.7,20.37,19.45
03/03/2020,19.55,200297,20.23,20.4,19.33
03/02/2020,20.3,167323,21.25,21.377,20.08
02/28/2020,21.15,192684,20.5,21.19,20.5
02/27/2020,20.83,202694,21.09,21.5,20.64
02/26/2020,21.1,186770,20.48,21.23,20.32
02/25/2020,20.31,204501,20.5,20.7,20.19
02/24/2020,20.53,137458,21.45,21.56,20.37
02/21/2020,21.9,182671,21.94,22.02,21.33
02/20/2020,22.2,359704,24.5,25,21.25
02/19/2020,25,153271,24.46,25.46,24.46
02/18/2020,24.42,44280,24.55,24.82,24.41
02/14/2020,24.55,63738,24.82,24.82,24.45
02/13/2020,24.75,38514,24.52,24.76,24.38
02/12/2020,24.41,51950,24.77,24.77,24.31
02/11/2020,24.73,77752,24.56,24.895,24.43
02/10/2020,24.53,58786,23.85,24.56,23.85
02/07/2020,23.91,45460,24.4,24.43,23.74
02/06/2020,24.55,51495,24.55,24.66,24.3
02/05/2020,24.37,115660,24.57,24.67,23.825
02/04/2020,24.36,89535,24.13,24.53,23.89
02/03/2020,23.89,59004,23.81,24.06,23.76
01/31/2020,23.67,86353,24.09,24.11,23.5
01/30/2020,24.15,103236,24.09,24.27,23.82
01/29/2020,24.27,38954,24.45,24.46,24.2194
01/28/2020,24.46,35225,24.5,24.6,24.33
01/27/2020,24.42,40887,24.21,24.65,24.04
01/24/2020,24.49,62651,24.61,24.77,24.23
01/23/2020,24.45,69438,24.94,24.94,24.13
01/22/2020,25.02,49282,25.52,25.7,24.9
01/21/2020,25.48,187315,25.5,25.63,25.3
01/17/2020,25.69,84017,25.99,25.99,25.41
01/16/2020,25.74,105925,25.66,26.11,25.65
01/15/2020,25.62,38521,25.24,25.63,25.23
01/14/2020,25.31,47251,25.12,25.36,24.88
01/13/2020,25.17,39109,25.15,25.25,25
01/10/2020,25.2,60778,25.06,25.22,24.7038
01/09/2020,25.08,54690,25.21,25.48,25.05
01/08/2020,25.28,66025,25.2,25.32,25.02
01/07/2020,25.32,94370,25.71,26.04,25.27
01/06/2020,25.69,77603,25.34,25.73,25.16
01/03/2020,25.43,81847,25.06,25.51,25
01/02/2020,25.27,74309,25.62,25.62,25
12/31/2019,25.6,59746,25.69,25.92,25.5235
12/30/2019,25.73,68340,25.7,25.85,25.27
12/27/2019,25.68,62508,25.79,25.85,25.57
12/26/2019,25.78,44071,26.31,26.31,25.66
12/24/2019,26.29,34828,26.23,26.3,26.07
12/23/2019,26.22,78182,26.31,26.39,25.9
12/20/2019,26.36,172646,26.67,26.79,26.21
12/19/2019,26.74,82645,27.23,27.23,26.55
12/18/2019,27.2,84521,27.52,27.52,26.85
12/17/2019,27.33,251296,27.65,27.67,26.91
12/16/2019,27.72,139688,28.39,28.5,27.5
12/13/2019,28.26,99413,28.07,28.28,27.71
12/12/2019,27.62,81624,27.41,27.8,27.34
12/11/2019,27.48,96228,27.2,27.65,26.98
12/10/2019,27.08,117011,27.05,27.53,26.54
12/09/2019,27,153813,26.15,27.14,26.15
12/06/2019,26.06,227858,26.5,26.71,25.94
12/05/2019,26.33,135383,26.64,26.66,25.89
12/04/2019,26.49,221216,25.68,26.89,25.5307
12/03/2019,25.4,218969,24.65,25.69,24.53
12/02/2019,24.35,78648,24.08,24.42,23.89
11/29/2019,24.05,51731,23.68,24.26,23.68
11/27/2019,23.75,94652,24.05,24.25,23.73
11/26/2019,24.05,81712,24.02,24.21,23.86
11/25/2019,24.04,57094,23.86,24.335,23.71
11/22/2019,23.68,46815,24.06,24.06,23.67
11/21/2019,23.99,182256,24.31,24.345,23.95
11/20/2019,24.2,125233,24.06,24.33,24
11/19/2019,24.13,107054,24.2,24.35,24.12
11/18/2019,24.37,48928,24.3,24.42,24.141
11/15/2019,24.31,46903,24.65,24.65,24.21
11/14/2019,24.5,63003,24.45,24.75,24.28
11/13/2019,24.4,35442,24.62,24.66,24.27
11/12/2019,24.71,59377,24.33,24.79,24.27
11/11/2019,24.3,62153,24.66,24.98,24.23
11/08/2019,24.87,44642,25.38,25.5,24.8
11/07/2019,25.42,105776,24.99,25.47,24.68
11/06/2019,25.04,80348,25.49,25.765,24.97
11/05/2019,25.59,65377,25.81,26.13,25.55
11/04/2019,25.63,60168,26.2,26.25,25.43
11/01/2019,26.3,86965,25.76,26.84,25.685
10/31/2019,25.76,123757,26.13,26.27,25.54
10/30/2019,26.16,187072,26.6,26.81,25.63
10/29/2019,26.56,555026,22.9,26.7,22.6
10/28/2019,22.78,173430,22.02,22.93,22.02
10/25/2019,22,114879,21.59,22.13,21.54
10/24/2019,21.6,74350,21.6,21.64,21.4
10/23/2019,21.46,67066,21.4,21.53,21.37
10/22/2019,21.39,39090,21.63,21.79,21.38
10/21/2019,21.68,79854,21.61,21.94,21.61
10/18/2019,21.47,85666,21.39,21.61,21.39
10/17/2019,21.49,115578,21.21,21.64,21.099
10/16/2019,21.08,74490,21.42,21.49,21.07
10/15/2019,21.49,116425,21.39,21.605,21.36
10/14/2019,21.33,66024,21.09,21.42,21.08
10/11/2019,21.3,82561,21.5,21.74,21.27
10/10/2019,21.31,113903,20.95,21.48,20.895
10/09/2019,20.86,64195,20.97,21.53,20.7
10/08/2019,20.97,226173,20.54,21.32,20.51
10/07/2019,20.62,171914,20.54,20.986,20.5
10/04/2019,20.61,105244,20.68,20.8275,20.43
10/03/2019,20.75,112290,20.91,21.08,20.52
10/02/2019,20.92,98289,20.47,20.96,20.41
10/01/2019,20.62,112940,20.68,21.05,20.5
09/30/2019,20.44,70427,20.82,21.12,20.42
09/27/2019,20.91,48532,21.3,21.41,20.82
09/26/2019,21.3,56831,21.66,21.86,21.09
09/25/2019,21.7,85924,21.35,21.75,21.35
09/24/2019,21.28,103275,21.67,21.85,21.26
09/23/2019,21.59,88537,21.63,21.95,21.59
09/20/2019,21.76,170922,22.26,22.32,21.71
09/19/2019,22.22,67967,22.4,22.7,22.2
09/18/2019,22.41,147508,22.79,22.94,22.39
09/17/2019,22.64,72502,22.48,22.81,22.3978
09/16/2019,22.5,144841,22.66,22.67,22.41
09/13/2019,22.69,81302,22.65,22.89,22.48
09/12/2019,22.45,131994,22.64,22.85,22.36
09/11/2019,22.54,93133,21.97,22.55,21.97
09/10/2019,21.9,102170,21.39,22.33,21.25
09/09/2019,21.39,50244,21.23,21.62,21.16
09/06/2019,21.19,70004,21.4,21.7,21.16
09/05/2019,21.31,58627,21.25,21.61,20.995
09/04/2019,21.08,34909,21.23,21.27,20.985
09/03/2019,21.13,55267,21.2,21.33,20.65
08/30/2019,21.27,101713,21.12,21.39,21.01
08/29/2019,21.1,36308,21.34,21.46,21.06
08/28/2019,21.13,64548,20.86,21.32,20.86
08/27/2019,20.96,55208,21.64,21.72,20.91
08/26/2019,21.52,73190,21.1,21.635,21.09
08/23/2019,20.99,98224,21.4,21.46,20.8
08/22/2019,21.51,58315,21.92,22.09,21.47
08/21/2019,21.83,43006,22.2,22.2223,21.79
08/20/2019,22.2,42158,22.54,22.75,22.17
08/19/2019,22.65,44172,22.63,22.83,22.54
08/16/2019,22.49,81772,22.07,22.635,22
08/15/2019,22,83936,22.26,22.62,21.97
08/14/2019,22.18,127528,21.69,22.27,21.67
08/13/2019,21.85,77196,22.25,22.64,21.73
08/12/2019,22.22,66090,22.35,22.61,22.16
08/09/2019,22.45,84773,22.4,22.855,22.39
08/08/2019,22.6,180824,22.4,22.77,22.17
08/07/2019,22.25,86805,22.17,22.715,22.11
08/06/2019,22.34,124696,22.56,22.95,22.2
08/05/2019,22.5,118541,21.62,22.68,21.62
08/02/2019,21.92,78818,22.22,22.6,21.6182
08/01/2019,22.34,151432,19.86,22.94,19.75
07/31/2019,19.12,117972,19.46,19.68,19.04
07/30/2019,19.46,61980,19.27,19.56,19.07
07/29/2019,19.35,49833,19.12,19.47,19
07/26/2019,19.15,32656,19.01,19.31,19.01
07/25/2019,18.94,60575,18.79,19.12,18.775
07/24/2019,18.78,45680,18.39,18.815,18.3
07/23/2019,18.47,93044,18.49,18.51,18
07/22/2019,18.44,47523,18.09,18.48,18.07
07/19/2019,18.09,49954,18.14,18.345,18.07
07/18/2019,18.2,43910,18.22,18.375,18.04
07/17/2019,18.31,52731,18.44,18.495,18.125
07/16/2019,18.5,45965,18.61,18.84,18.46
07/15/2019,18.67,47254,18.63,18.71,18.31
07/12/2019,18.58,43713,18.36,18.69,18.33
07/11/2019,18.38,40305,18.56,18.61,18.26
07/10/2019,18.57,67706,18.28,18.59,18.21
07/09/2019,18.23,47046,18.42,18.42,18.11
07/08/2019,18.46,39659,18.97,18.97,18.425
07/05/2019,19.02,49693,18.81,19.05,18.66
07/03/2019,18.95,11729,18.8,18.97,18.79
07/02/2019,18.84,42839,18.73,18.87,18.55
07/01/2019,18.67,97593,19.07,19.22,18.57
06/28/2019,19.01,295207,18.82,19.08,18.74
06/27/2019,18.82,60605,18.72,18.9217,18.51
06/26/2019,18.73,48741,18.76,18.77,18.505
06/25/2019,18.73,65949,18.92,18.97,18.58
06/24/2019,18.98,72432,19.03,19.26,18.705
06/21/2019,19.11,77605,19.17,19.28,18.97
06/20/2019,19.35,72680,19.57,19.57,19.27
06/19/2019,19.4,65908,18.63,19.43,18.62
06/18/2019,19.34,49014,19.47,19.85,19.3
06/17/2019,19.4,39126,19.56,19.68,19.33
06/14/2019,19.52,46001,19.21,19.66,19.15
06/13/2019,19.27,80696,19.03,19.33,18.925
06/12/2019,18.82,62261,18.57,19,18.53
06/11/2019,18.61,84155,19,19.14,18.52
06/10/2019,18.9,95969,18.79,19.21,18.78
06/07/2019,18.8,99035,18.87,19.02,18.5
06/06/2019,18.74,86808,18.79,18.85,18.57
06/05/2019,18.79,78742,18.99,19.3346,18.51
06/04/2019,18.97,69131,18.5,19.045,18.48
06/03/2019,18.37,193583,18.16,18.46,18
05/31/2019,18.22,197002,18.73,18.79,17.81
05/30/2019,19,92683,19.26,19.29,18.8
05/29/2019,19.18,83023,19.61,19.61,19.1101
05/28/2019,19.65,77470,20.52,20.6206,19.63
05/24/2019,20.57,68452,20.29,20.62,20.2058
05/23/2019,20.18,71467,20.06,20.38,19.98
05/22/2019,20.21,73241,20.21,20.52,20.05
05/21/2019,20.31,96515,19.68,20.33,19.68
05/20/2019,19.61,92108,19.45,19.88,19.42
05/17/2019,19.56,91592,19.47,19.96,19.47
05/16/2019,19.65,78902,19.6,19.88,19.59
05/15/2019,19.55,81535,19.18,19.76,19.025
05/14/2019,19.37,102665,19.45,19.73,19.29
05/13/2019,19.43,115557,19.14,19.59,19.02
05/10/2019,19.43,72783,19.05,19.5,19.05
05/09/2019,19.22,89715,18.58,19.26,18.5
05/08/2019,18.74,82716,18.63,19.06,18.54
05/07/2019,18.69,179401,18.4,18.75,18.35
05/06/2019,18.61,263116,17.96,18.74,17.96
05/03/2019,18.3,178467,17.97,18.72,17.8405
05/02/2019,17.77,280053,16.85,17.94,16.58
05/01/2019,17.31,198595,17.53,17.74,17.25
04/30/2019,17.55,286748,18.52,18.58,17.255
04/29/2019,18.46,132412,18.67,18.86,18.3475
04/26/2019,18.69,63842,18.89,18.98,18.63
04/25/2019,18.84,129698,19.12,19.125,18.79
04/24/2019,19.25,102168,18.89,19.34,18.79
04/23/2019,18.87,75094,18.67,18.95,18.61
04/22/2019,18.68,59701,19.31,19.345,18.525
04/18/2019,19.41,57918,19.21,19.43,19.09
04/17/2019,19.26,76308,19.16,19.29,18.89
04/16/2019,19.06,63116,19.36,19.36,18.93
04/15/2019,19.28,45928,19.4,19.44,19.23
04/12/2019,19.44,110012,19,19.49,18.87
04/11/2019,18.86,31711,19.12,19.19,18.85
04/10/2019,19.13,51214,18.85,19.17,18.82
04/09/2019,18.88,53819,19.43,19.43,18.85
04/08/2019,19.46,78333,19.27,19.49,19.0136
04/05/2019,19.35,40361,19.45,19.6,19.32
04/04/2019,19.43,73901,19.2,19.45,19.2
04/03/2019,19.14,98922,19.05,19.39,19.05
04/02/2019,19.15,79409,19.19,19.3,18.96
04/01/2019,19.19,48580,19.25,19.42,19.135
03/29/2019,19.25,86723,19.18,19.33,18.97
03/28/2019,19.22,55521,19.18,19.29,19.04
03/27/2019,19.11,71668,19.04,19.23,18.88
03/26/2019,19.14,39718,18.99,19.19,18.94
03/25/2019,18.91,117012,18.84,19,18.56
03/22/2019,18.83,131567,19.51,19.53,18.8
03/21/2019,19.59,98012,19.43,19.76,19.38
03/20/2019,19.43,127853,20.05,20.05,19.3901
03/19/2019,20.09,79465,20.01,20.33,19.99
03/18/2019,20.01,165852,19.76,20.06,19.76
03/15/2019,19.69,252750,19.95,20.06,19.65
03/14/2019,19.95,73578,20.14,20.18,19.9
03/13/2019,20.1,103553,20.3,20.33,19.99
03/12/2019,20.37,101823,20.79,20.905,20.34
03/11/2019,20.89,74490,21.03,21.1,20.71
03/08/2019,20.99,137966,20.41,21.1,20.41
03/07/2019,20.57,95762,20.81,20.81,20.34
03/06/2019,20.78,94660,21.48,21.48,20.66
03/05/2019,21.55,110917,21.41,21.65,21.28
03/04/2019,21.39,103918,21.52,21.605,21.32
03/01/2019,21.43,95301,21.16,21.43,21.04
02/28/2019,21.01,124383,20.88,21.1,20.59
02/27/2019,20.98,77430,21.14,21.29,20.8
02/26/2019,21.16,158558,21.17,21.5425,21.0425
02/25/2019,21.17,145921,21.1,21.34,20.94
02/22/2019,21,434110,20.39,21.08,20.38
02/21/2019,20.19,167021,19.74,20.79,19.53
02/20/2019,19.92,133632,19.66,20.06,19.52
02/19/2019,19.55,138108,19.5,19.6,19.1
02/15/2019,19.59,146006,19.2,19.64,19.175
02/14/2019,19.13,89723,19.3,19.5,19.09
02/13/2019,19.41,45818,19.55,19.67,19.35
02/12/2019,19.38,126762,18.9,19.44,18.85
02/11/2019,18.92,164590,18.7,19.18,18.55
02/08/2019,18.74,79376,19.15,19.15,18.55
02/07/2019,19.29,94491,19.34,19.4837,18.89
02/06/2019,19.41,76418,19.77,19.79,19.33
02/05/2019,19.75,55613,19.73,19.88,19.63
02/04/2019,19.74,83831,19.6,19.84,19.6
02/01/2019,19.71,74823,19.61,19.76,19.32
01/31/2019,19.45,95038,19.54,19.66,19.29
01/30/2019,19.61,137774,19.82,19.85,19.5
01/29/2019,19.71,82836,19.69,19.84,19.56
01/28/2019,19.68,83075,19.4,19.75,19.4
01/25/2019,19.43,70488,19.96,19.96,19.42
01/24/2019,19.75,69443,19.7,19.78,19.53
01/23/2019,19.66,126367,19.77,19.905,19.4
01/22/2019,19.68,171925,19.4,19.87,18.82
01/18/2019,19.63,321436,19.33,19.79,19.1
01/17/2019,19.26,846850,17.78,19.38,17.76
01/16/2019,17,133512,17.07,17.39,16.97
01/15/2019,16.99,107830,16.82,17,16.58
01/14/2019,16.86,97806,16.86,17.0701,16.78
01/11/2019,16.98,91623,16.54,17.02,16.5
01/10/2019,16.64,80479,16.57,16.8764,16.5
01/09/2019,16.58,61666,16.5,16.87,16.4901
01/08/2019,16.49,101545,16.28,16.51,16.23
01/07/2019,16.13,79637,15.94,16.2,15.81
01/04/2019,15.94,182687,15.53,16.08,15.53
01/03/2019,15.39,136545,15.51,15.705,15.27
01/02/2019,15.59,129569,15.32,15.86,15.29
12/31/2018,15.5,150089,15.64,15.71,15.2986
12/28/2018,15.61,158684,15.31,15.78,15.31
12/27/2018,15.33,200702,14.95,15.35,14.86
12/26/2018,15.13,234170,14.52,15.17,14.52
12/24/2018,14.5,135521,14.63,14.77,14.5
12/21/2018,14.71,355077,14.88,15.25,14.7
12/20/2018,14.76,140823,14.85,15.16,14.75
12/19/2018,14.89,121012,14.86,15.43,14.86
12/18/2018,14.86,169562,14.88,15.19,14.74
12/17/2018,14.77,181449,15.4,15.4,14.72
12/14/2018,15.47,147299,15.66,15.71,15.46
12/13/2018,15.77,101060,16.4,16.47,15.69
12/12/2018,16.41,403015,16.29,16.68,16.06
12/11/2018,16.06,75494,16.16,16.34,15.91
12/10/2018,16.11,152161,16.02,16.28,15.64
12/07/2018,16.04,147239,16.46,16.58,15.98
12/06/2018,16.46,324868,16.3,16.63,16
12/04/2018,16.51,300023,17.3,17.39,16.45
12/03/2018,17.19,236816,17.1,17.48,16.79
11/30/2018,17.04,177068,16.79,17.05,16.48
11/29/2018,16.79,174088,16.47,16.87,16.34
11/28/2018,16.5,147735,16.24,16.5,16.05
11/27/2018,16.22,83860,16.34,16.34,16.11
11/26/2018,16.36,142997,16.33,16.48,16.06
11/23/2018,16.15,32336,16.39,16.39,16.1
11/21/2018,16.41,121719,15.77,16.6,15.77
11/20/2018,15.67,171111,15.99,16.32,15.63
11/19/2018,16.14,125407,16.55,16.63,16.13
11/16/2018,16.61,92979,16.39,16.71,16.32
11/15/2018,16.48,112470,16.24,16.53,16.11
11/14/2018,16.29,216618,16.97,16.99,16.2
11/13/2018,16.92,139664,16.9,17.33,16.9
11/12/2018,17.05,146282,17.06,17.23,16.87
11/09/2018,17.2,229839,17.1,17.47,16.95
11/08/2018,17.01,271653,16.77,17.56,16.73
11/07/2018,16.21,205329,16.09,16.35,15.7
11/06/2018,16.12,133567,15.75,16.23,15.74
11/05/2018,15.73,263023,15.3,16.63,15.3
11/02/2018,15.34,304971,15.02,15.42,14.9
11/01/2018,14.97,822419,18.78,18.78,14.5701
10/31/2018,19.06,175319,19.11,19.29,18.89
10/30/2018,18.87,254131,18.91,19.12,18.54
10/29/2018,18.89,68245,19.29,19.52,18.785
10/26/2018,19.17,101337,19.12,19.35,18.9
10/25/2018,19.32,90332,19.23,19.51,19.14
10/24/2018,19.16,74815,19.37,19.55,19.16
10/23/2018,19.44,110248,19.6,19.85,19.195
10/22/2018,19.8,65606,20.01,20.11,19.665
10/19/2018,20.05,53351,20.19,20.46,20.05
10/18/2018,20.23,81104,20.58,20.58,20.07
10/17/2018,20.65,85686,20.63,20.79,20.585
10/16/2018,20.67,69415,20.49,20.71,20.35
10/15/2018,20.41,84843,20.42,20.57,20.0304
10/12/2018,20.47,140795,20.51,20.52,20.25
10/11/2018,20.26,124250,20.57,20.74,20.21
10/10/2018,20.61,97163,20.76,20.93,20.58
10/09/2018,20.76,46000,20.76,20.95,20.71
10/08/2018,20.81,57408,20.75,20.89,20.59
10/05/2018,20.76,75742,20.83,20.83,20.42
10/04/2018,20.78,85208,21.08,21.09,20.66
10/03/2018,21.17,74961,21.6,21.6,21.14
10/02/2018,21.46,92334,21.77,21.81,21.44
10/01/2018,21.71,91671,21.53,21.89,21.5
09/28/2018,21.55,98902,21.52,21.7,21.49
09/27/2018,21.53,82471,21.7,21.82,21.52
09/26/2018,21.79,171097,21.89,22.13,21.67
09/25/2018,21.85,105293,21.91,22.08,21.81
09/24/2018,21.91,105172,22.33,22.56,21.89
09/21/2018,22.38,333530,22.47,22.5514,22.37
09/20/2018,22.45,71011,22.14,22.49,22.13
09/19/2018,22.05,145817,22.05,22.14,21.95
09/18/2018,22.1,140735,22.15,22.42,22
09/17/2018,22.16,54893,22.43,22.565,22.15
09/14/2018,22.43,59536,22.29,22.56,22.23
09/13/2018,22.29,61342,22.43,22.67,22.25
09/12/2018,22.4,102361,22.53,22.68,22.15
09/11/2018,22.58,108116,22.31,22.63,22.2
09/10/2018,22.37,89903,22.75,22.8,22.19
09/07/2018,22.65,104034,22.37,22.77,22.23
09/06/2018,22.4,87539,22.46,22.46,22.2676
09/05/2018,22.38,95571,22.35,22.48,22.25
09/04/2018,22.42,61743,22.71,22.8,22.37
08/31/2018,22.77,77805,22.88,23.07,22.65
08/30/2018,22.94,113680,23.18,23.18,22.89
08/29/2018,23.17,42226,23.32,23.5022,23.095
08/28/2018,23.39,50134,23.66,23.68,23.25
08/27/2018,23.66,141467,23.19,23.79,23.1
08/24/2018,23.22,84262,23.26,23.36,23.17
08/23/2018,23.24,98161,23.35,23.38,23.11
08/22/2018,23.38,120172,23.9,24.09,23.35
08/21/2018,23.97,78018,23.79,24.07,23.67
08/20/2018,23.55,79898,23.38,23.61,22.99
08/17/2018,23.4,59312,23.45,23.635,23.31
08/16/2018,23.5,84378,23.23,23.665,23.23
08/15/2018,23.15,77089,22.93,23.27,22.885
08/14/2018,23.02,72217,23.18,23.35,22.93
08/13/2018,23.25,108417,23.32,23.56,23.09
08/10/2018,23.54,28425,23.48,23.78,23.43
08/09/2018,23.64,65546,24.03,24.19,23.6
08/08/2018,23.99,89736,24.16,24.3,23.96
08/07/2018,24.28,73442,24.25,24.47,24.02
08/06/2018,24.25,86777,23.64,24.325,23.59
08/03/2018,23.49,116169,23.78,23.85,23.34
08/02/2018,23.71,123996,23.77,24.075,23.29
08/01/2018,23.92,191937,23.64,24.335,22.16
07/31/2018,24.99,143718,24.09,25.05,24.09
07/30/2018,24.09,73277,24.25,24.6,24.02
07/27/2018,24.32,51069,24.72,24.8,24.3
07/26/2018,24.63,66028,24.57,24.73,24.3
07/25/2018,24.54,45596,24.8,24.94,24.38
07/24/2018,24.81,43162,24.9,24.95,24.715
07/23/2018,24.92,49469,24.73,24.96,24.73
07/20/2018,24.73,78732,24.7,24.99,24.7
07/19/2018,24.75,49617,24.78,24.86,24.59
07/18/2018,24.78,49210,24.96,25,24.53
07/17/2018,24.95,58611,24.92,25,24.81
07/16/2018,24.92,49112,25.05,25.13,24.81
07/13/2018,25.02,55733,24.97,25.29,24.915
07/12/2018,24.97,35244,24.88,24.98,24.66
07/11/2018,24.84,81868,24.75,25.07,24.75
07/10/2018,24.83,107248,24.95,25.099,24.78
07/09/2018,24.95,92292,24.95,25.23,24.825
07/06/2018,24.79,51499,24.98,25.03,24.7
07/05/2018,24.9,58982,24.85,24.96,24.69
07/03/2018,24.83,50852,24.8,25.01,24.7
07/02/2018,24.67,61095,24.32,24.74,24.32
06/29/2018,24.55,95297,24.74,24.83,24.45
06/28/2018,24.7,84529,25.02,25.05,24.65
06/27/2018,25.04,71363,24.8,25.11,24.59
06/26/2018,24.79,55405,24.58,24.88,24.385
06/25/2018,24.66,76484,24.56,24.74,24.41
06/22/2018,24.73,207595,24.85,24.96,24.47
06/21/2018,24.79,85705,24.75,24.84,24.55
06/20/2018,24.74,71616,24.77,24.905,24.58
06/19/2018,24.69,48923,24.59,24.73,24.415
06/18/2018,24.6,39383,24.64,24.77,24.545
06/15/2018,24.64,81795,24.53,24.7,24.475
06/14/2018,24.56,66231,24.79,24.79,24.395
06/13/2018,24.69,67416,25.03,25.046,24.68
06/12/2018,25.07,78566,25.17,25.17,24.8
06/11/2018,25.07,59705,25.19,25.28,25.025
06/08/2018,25.15,64849,25.22,25.36,25.02
06/07/2018,25.2,81969,25.32,25.37,24.96
06/06/2018,25.24,268036,24.9,25.35,24.08
06/05/2018,24.84,97318,24.57,24.9399,24.47
06/04/2018,24.63,101351,24.63,24.77,24.4245
06/01/2018,24.6,89375,25.2,25.2,24.58
05/31/2018,25.15,82355,25.29,25.32,25.051
05/30/2018,25.36,93938,25.25,25.58,25.0944
05/29/2018,25.04,81111,24.99,25.4,24.89
05/25/2018,25.16,83712,25,25.27,25
05/24/2018,25,121786,25.1,25.14,24.845
05/23/2018,25.17,76631,25.37,25.44,25.015
05/22/2018,25.36,179171,25.66,25.66,25.35
05/21/2018,25.63,108172,25.59,25.76,25.36
05/18/2018,25.55,124322,25.4,25.67,25.33
05/17/2018,25.48,79872,25.55,25.64,25.34
05/16/2018,25.55,149580,25.36,25.605,25.18
05/15/2018,25.33,97041,25.48,25.56,25.3
05/14/2018,25.54,106336,25.7,25.79,25.47
05/11/2018,25.7,90774,25.39,25.72,25.37
05/10/2018,25.58,141269,25.71,25.71,25.36
05/09/2018,25.73,93424,25.86,25.98,25.71
05/08/2018,25.89,64445,26.02,26.12,25.76
05/07/2018,26.06,58833,26.05,26.485,25.7672
05/04/2018,26.08,199008,25.69,26.19,25.58
05/03/2018,25.68,712854,26.11,26.24,25.66
05/02/2018,26.27,118165,26.24,26.43,26.04
05/01/2018,26.27,164891,26.01,26.32,25.45
04/30/2018,26.03,151544,26.77,26.95,25.89
04/27/2018,26.85,173709,26.69,27.18,26.69
04/26/2018,26.66,277862,27.54,27.65,26.56
04/25/2018,27.57,308512,28.35,28.96,27.14
04/24/2018,28.58,121615,28.36,28.93,28.35
04/23/2018,28.23,77149,28.46,28.47,28.11
04/20/2018,28.45,97431,28.25,28.54,28.16
04/19/2018,28.32,35445,28.36,28.51,28.27
04/18/2018,28.46,57452,28.32,28.55,28.32
04/17/2018,28.3,125452,28.25,28.4,28.16
04/16/2018,28.17,242681,28,28.27,27.925
04/13/2018,27.84,153395,27.75,27.84,27.58
04/12/2018,27.63,67989,27.79,27.79,27.61
04/11/2018,27.65,67649,27.81,27.88,27.48
04/10/2018,27.83,95834,27.98,28.08,27.76
04/09/2018,27.78,60413,27.94,28.11,27.7584
04/06/2018,27.76,114663,27.83,28.2,27.54
04/05/2018,27.89,92785,27.75,28.06,27.53
04/04/2018,27.64,121571,27.18,27.73,27.06
04/03/2018,27.35,291867,27.43,27.5,27.01
04/02/2018,27.27,78302,27.61,27.86,27.1
03/29/2018,27.66,89938,27.75,28.07,27.59
03/28/2018,27.65,78714,27.46,27.76,27.27
03/27/2018,27.49,64918,27.61,27.89,27.35
03/26/2018,27.62,72845,27.74,27.77,27.32
03/23/2018,27.44,143983,27.83,28.2522,27.43
03/22/2018,27.83,69583,28.11,28.25,27.8
03/21/2018,28.18,61525,28.21,28.47,28.11
03/20/2018,28.19,47211,28.48,28.77,28.09
03/19/2018,28.42,64961,28.41,28.72,28.16
03/16/2018,28.41,125084,28.35,28.57,28.21
03/15/2018,28.29,237656,28.3,28.54,28.08
03/14/2018,28.33,108618,28.08,28.46,28.01
03/13/2018,28.01,108562,28.34,28.49,27.94
03/12/2018,28.29,99621,28.29,28.42,28.12
03/09/2018,28.1,149735,28.12,28.265,28.01
03/08/2018,28,62476,28.02,28.16,27.87
03/07/2018,27.97,57255,27.92,28.05,27.7973
03/06/2018,28.05,88951,27.67,28.13,27.45
03/05/2018,27.69,90590,27.85,28.04,27.51
03/02/2018,27.85,149200,27.41,28.15,27.41
03/01/2018,27.56,184401,27.15,27.64,27.14
02/28/2018,27.22,61670,27.65,27.72,27.21
02/27/2018,27.57,70269,27.92,28.03,27.51
02/26/2018,27.81,96557,27.8,27.87,27.55
02/23/2018,27.51,47316,27.37,27.62,27.26
02/22/2018,27.32,69326,27.39,27.56,27.08
02/21/2018,27.35,51357,27.57,27.825,27.32
02/20/2018,27.59,113583,27.49,27.76,27.31
02/16/2018,27.64,211522,26.49,27.9,26.48
02/15/2018,26.25,144455,25.62,26.5,25.62
02/14/2018,25.43,81419,25.31,25.68,25.3
02/13/2018,25.52,71128,25.46,25.8,25.26
