DATE,OPEN,HIGH,LOW,CLOSE
1/3/17,14.07,14.07,12.85,12.85
1/4/17,12.78,12.8,11.63,11.85
1/5/17,11.96,12.09,11.4,11.67
1/6/17,11.7,11.74,10.98,11.32
1/9/17,11.71,12.08,11.46,11.56
1/10/17,11.59,11.79,11.31,11.49
1/11/17,11.56,12.23,11.21,11.26
1/12/17,11.48,12.6,11.32,11.54
1/13/17,11.45,11.62,10.94,11.23
1/17/17,12.2,12.75,11.79,11.87
1/18/17,11.79,12.81,11.69,12.48
1/19/17,12.58,13.28,12.17,12.78
1/20/17,12.58,12.59,11.53,11.54
1/23/17,12.3,12.62,11.59,11.77
1/24/17,11.82,11.89,11.04,11.07
1/25/17,10.79,11.05,10.51,10.81
1/26/17,10.61,11.01,10.6,10.63
1/27/17,10.57,10.82,10.3,10.58
1/30/17,11.1,12.9,11.1,11.88
1/31/17,12.29,12.99,11.79,11.99
2/1/17,11.79,12.05,9.97,11.81
2/2/17,12.37,12.47,11.62,11.93
2/3/17,11.84,11.84,10.72,10.97
2/6/17,11.37,11.84,11.09,11.37
2/7/17,11.39,11.67,11.06,11.29
2/8/17,11.19,11.82,11.15,11.45
2/9/17,11.44,11.53,10.74,10.88
2/10/17,10.85,10.95,10.55,10.85
2/13/17,11.36,11.4,11.07,11.07
2/14/17,11.17,11.34,10.73,10.74
2/15/17,10.84,12.01,10.8,11.97
2/16/17,12.02,12.86,11.69,11.76
2/17/17,11.84,12.26,11.37,11.49
2/21/17,12.05,12.09,11.5,11.57
2/22/17,11.48,12.07,11.44,11.74
2/23/17,11.66,12.46,11.54,11.71
2/24/17,11.81,12.59,11.34,11.47
2/27/17,11.78,12.14,11.53,12.09
2/28/17,12.19,12.96,12.13,12.92
3/1/17,12.31,12.58,11.78,12.54
3/2/17,12.43,12.71,11.32,11.81
3/3/17,11.96,11.97,10.94,10.96
3/6/17,11.59,11.72,11.06,11.24
3/7/17,11.27,11.58,11.04,11.45
3/8/17,11.49,11.86,11.09,11.86
3/9/17,11.75,12.43,11.62,12.3
3/10/17,11.97,12.09,11.46,11.66
3/13/17,12.16,12.23,11.29,11.35
3/14/17,11.39,12.54,11.28,12.3
3/15/17,12.12,12.25,10.6,11.63
3/16/17,11.29,11.55,11.16,11.21
3/17/17,11.38,11.38,10.78,11.28
3/20/17,11.71,11.72,11.03,11.34
3/21/17,11.15,12.85,10.92,12.47
3/22/17,12.95,13.16,11.99,12.81
3/23/17,12.65,13.17,12.18,13.12
3/24/17,12.86,14.16,12.27,12.96
3/27/17,14.78,15.11,12.48,12.5
3/28/17,12.44,12.67,11.34,11.53
3/29/17,11.54,11.7,11.03,11.42
3/30/17,11.37,11.64,11.12,11.54
3/31/17,11.61,12.54,11.5,12.37
4/3/17,12.59,13.59,12.27,12.38
4/4/17,12.71,13.07,11.7,11.79
4/5/17,11.89,12.89,10.9,12.89
4/6/17,13.11,13.22,11.7,12.39
4/7/17,13.17,13.43,12.23,12.87
4/10/17,13.24,14.11,12.94,14.05
4/11/17,14.32,15.88,14.17,15.07
4/12/17,15.16,16.16,14.84,15.77
4/13/17,15.89,16.22,14.97,15.96
4/17/17,16.19,16.28,14.6,14.66
4/18/17,14.5,15.5,14.29,14.42
4/19/17,14,15.15,13.46,14.93
4/20/17,14.59,14.81,13.83,14.15
4/21/17,13.85,15.33,13.85,14.63
4/24/17,11.56,12.01,10.82,10.84
4/25/17,10.81,11.15,10.22,10.76
4/26/17,10.61,10.89,10.39,10.85
4/27/17,10.72,11.08,10.33,10.36
4/28/17,10.39,11.16,10.29,10.82
5/1/17,10.92,11.04,9.9,10.11
5/2/17,10.15,10.59,10.04,10.59
5/3/17,10.56,11.15,10.4,10.68
5/4/17,10.71,11.24,10.27,10.46
5/5/17,10.51,10.98,9.99,10.57
5/8/17,10.53,10.55,9.67,9.77
5/9/17,9.87,10.14,9.56,9.96
5/10/17,9.75,10.24,9.62,10.21
5/11/17,10.34,11.23,10.32,10.6
5/12/17,10.72,10.87,10.28,10.4
5/15/17,10.54,10.88,10.25,10.42
5/16/17,10.46,10.67,10.18,10.65
5/17/17,11.89,15.59,11.53,15.59
5/18/17,14.06,16.3,14.03,14.66
5/19/17,14.23,14.23,11.72,12.04
5/22/17,12.29,12.52,10.89,10.93
5/23/17,11,11,10.56,10.72
5/24/17,10.61,10.9,9.88,10.02
5/25/17,9.82,10.29,9.72,9.99
5/26/17,9.93,10.48,9.65,9.81
5/30/17,10.61,10.84,10.14,10.38
5/31/17,10.1,11.3,9.93,10.41
6/1/17,10.42,10.54,9.69,9.89
6/2/17,10.08,10.3,9.58,9.75
6/5/17,10.08,10.28,9.6,10.07
6/6/17,10.19,10.77,9.86,10.45
6/7/17,10.48,10.93,10.12,10.39
6/8/17,10.27,10.53,9.73,10.16
6/9/17,9.93,12.11,9.37,10.7
6/12/17,11.19,12.37,11.19,11.46
6/13/17,11.12,11.14,10.26,10.42
6/14/17,10.33,11.26,10.01,10.64
6/15/17,11.06,12.01,10.74,10.9
6/16/17,10.63,11.35,10.26,10.38
6/19/17,10.57,10.6,10.01,10.37
6/20/17,10.28,11.15,10.24,10.86
6/21/17,11.03,11.4,10.4,10.75
6/22/17,10.81,11.01,10.24,10.48
6/23/17,10.25,10.69,9.85,10.02
6/26/17,10.13,10.44,9.68,9.9
6/27/17,10.04,11.31,9.8,11.06
6/28/17,11.17,11.49,9.76,10.03
6/29/17,9.79,15.16,9.73,11.44
6/30/17,11.74,11.85,10.4,11.18
7/3/17,11.07,11.45,10.28,11.22
7/5/17,11.2,12.03,10.79,11.07
7/6/17,11.2,13.05,11.18,12.54
7/7/17,12.48,12.57,10.98,11.19
7/10/17,11.26,11.73,10.61,11.11
7/11/17,10.79,12.14,10.68,10.89
7/12/17,10.85,10.85,10.08,10.3
7/13/17,10.07,10.4,9.9,9.9
7/14/17,10.09,10.14,9.5,9.51
7/17/17,9.77,10.03,9.71,9.82
7/18/17,9.86,10.35,9.66,9.89
7/19/17,9.69,9.94,9.58,9.79
7/20/17,9.66,10.28,9.5,9.58
7/21/17,9.52,9.98,9.3,9.36
7/24/17,9.94,9.97,9.26,9.43
7/25/17,9.4,9.52,9.04,9.43
7/26/17,9.25,9.66,8.84,9.6
7/27/17,9.33,11.5,9.16,10.11
7/28/17,10.62,11.3,10.26,10.29
7/31/17,10.53,10.84,10.23,10.26
8/1/17,10.19,10.56,9.95,10.09
8/2/17,10.08,10.81,9.8,10.28
8/3/17,10.47,10.6,9.9,10.44
8/4/17,10.48,10.5,9.68,10.03
8/7/17,10.19,10.32,9.76,9.93
8/8/17,10.04,11.52,9.52,10.96
8/9/17,11.49,12.63,11.11,11.11
8/10/17,11.57,16.17,11.56,16.04
8/11/17,16.17,17.28,14.5,15.51
8/14/17,14.05,14.05,12.06,12.33
8/15/17,11.78,12.37,11.45,12.04
8/16/17,11.59,12.54,11.25,11.74
8/17/17,11.81,15.77,11.54,15.55
8/18/17,15.38,16.04,13.32,14.26
8/21/17,14.59,14.74,13.07,13.19
8/22/17,12.6,12.94,11.35,11.35
8/23/17,11.51,12.59,11.39,12.25
8/24/17,12.06,12.83,11.55,12.23
8/25/17,12.2,12.45,11.1,11.28
8/28/17,12.09,12.11,11.23,11.32
8/29/17,13.33,14.34,11.48,11.7
8/30/17,11.4,11.98,10.96,11.22
8/31/17,11.07,11.22,10.34,10.59
9/1/17,10.33,10.46,10.02,10.13
9/5/17,11.75,14.06,11.41,12.23
9/6/17,12.27,12.59,11.35,11.63
9/7/17,11.93,12.07,11.32,11.55
9/8/17,11.87,12.6,11.84,12.12
9/11/17,11.38,11.39,10.51,10.73
9/12/17,10.66,10.95,10.29,10.58
9/13/17,10.72,10.86,10.33,10.5
9/14/17,10.57,11.04,10.28,10.44
9/15/17,10.51,10.74,10,10.17
9/18/17,10.18,10.42,9.88,10.15
9/19/17,10.16,10.3,9.85,10.18
9/20/17,10.04,10.67,9.67,9.78
9/21/17,9.74,10.21,9.54,9.67
9/22/17,9.9,10.2,9.5,9.59
9/25/17,10.08,11.21,9.79,10.21
9/26/17,10.42,10.68,9.94,10.17
9/27/17,9.9,10.42,9.63,9.87
9/28/17,9.74,10.13,9.55,9.55
9/29/17,9.59,9.83,9.36,9.51
10/2/17,9.59,10.04,9.37,9.45
10/3/17,9.3,9.75,9.3,9.51
10/4/17,9.53,9.88,9.53,9.63
10/5/17,9.48,9.62,9.13,9.19
10/6/17,9.23,10.27,9.11,9.65
10/9/17,9.92,10.53,9.88,10.33
10/10/17,10.15,10.66,9.94,10.08
10/11/17,9.95,10.38,9.72,9.85
10/12/17,9.94,10.33,9.65,9.91
10/13/17,9.95,9.98,9.44,9.61
10/16/17,9.95,10.02,9.75,9.91
10/17/17,9.85,10.46,9.78,10.31
10/18/17,10.34,10.41,9.87,10.07
10/19/17,10.22,11.77,9.99,10.05
10/20/17,9.92,10.04,9.29,9.97
10/23/17,10.25,11.08,9.94,11.07
10/24/17,10.89,11.16,10.39,11.16
10/25/17,11.34,13.2,10.99,11.23
10/26/17,11.17,11.81,10.6,11.3
10/27/17,11.12,11.12,9.74,9.8
10/30/17,10.28,10.89,10.1,10.5
10/31/17,10.34,10.37,9.9,10.18
11/1/17,9.79,10.49,9.74,10.2
11/2/17,10.44,10.89,9.67,9.93
11/3/17,9.83,9.91,8.99,9.14
11/6/17,9.63,9.74,9.38,9.4
11/7/17,9.31,10.31,9.29,9.89
11/8/17,9.79,10.27,9.5,9.78
11/9/17,9.94,12.19,9.79,10.5
11/10/17,10.78,11.58,10.5,11.29
11/13/17,11.43,12.18,11,11.5
11/14/17,11.53,12.61,11.45,11.59
11/15/17,12.52,14.51,12.33,13.13
11/16/17,12.47,12.52,11.38,11.76
11/17/17,11.75,12.01,11.16,11.43
11/20/17,11.96,12.08,10.44,10.65
11/21/17,10.74,10.78,9.67,9.73
11/22/17,9.6,9.88,9.32,9.88
11/24/17,9.82,9.96,8.56,9.67
11/27/17,10.07,10.26,9.79,9.87
11/28/17,9.72,10.31,9.53,10.03
11/29/17,9.91,10.93,9.81,10.7
11/30/17,10.49,12.05,10.25,11.28
12/1/17,11.19,14.58,10.54,11.43
12/4/17,11.05,11.86,10.26,11.68
12/5/17,11.38,11.67,10.65,11.33
12/6/17,11.63,11.68,10.86,11.02
12/7/17,10.9,11.32,10.12,10.16
12/8/17,10,10.06,9.43,9.58
12/11/17,9.74,10.08,9.28,9.34
12/12/17,9.36,9.92,9.21,9.92
12/13/17,9.78,10.21,9.65,10.18
12/14/17,9.98,10.54,9.78,10.49
12/15/17,10.12,10.2,9.22,9.42
12/18/17,9.46,9.89,9.24,9.53
12/19/17,9.4,10.15,9.18,10.03
12/20/17,9.69,9.85,8.9,9.72
12/21/17,9.59,9.86,9.2,9.62
12/22/17,9.37,10.18,9.35,9.9
12/26/17,10.19,10.46,10.13,10.25
12/27/17,10.04,10.79,9.71,10.47
12/28/17,10.29,10.44,10.07,10.18
12/29/17,10.03,11.06,9.95,11.04
1/2/18,10.95,11.07,9.52,9.77
1/3/18,9.56,9.65,8.94,9.15
1/4/18,9.01,9.31,8.92,9.22
1/5/18,9.1,9.54,9,9.22
1/8/18,9.61,9.89,9.32,9.52
1/9/18,9.41,10.09,9.37,10.08
1/10/18,10.11,10.85,9.82,9.82
1/11/18,9.69,10.02,9.62,9.88
1/12/18,9.74,10.31,9.54,10.16
1/16/18,10.42,12.41,10.4,11.66
1/17/18,11.35,12.8,11.18,11.91
1/18/18,12.01,12.4,11.62,12.22
1/19/18,12.3,12.33,11.17,11.27
1/22/18,11.59,11.62,10.84,11.03
1/23/18,10.77,11.57,10.76,11.1
1/24/18,11,12.19,10.89,11.47
1/25/18,11.27,12.01,11.2,11.58
1/26/18,11.4,11.6,11.08,11.08
1/29/18,11.71,13.84,11.68,13.84
1/30/18,13.93,15.42,13.88,14.79
1/31/18,14.23,14.44,13.41,13.54
2/1/18,13.05,14.3,12.5,13.47
2/2/18,13.64,17.86,13.64,17.31
2/5/18,18.44,38.8,16.8,37.32
2/6/18,37.32,50.3,22.42,29.98
2/7/18,31.38,31.64,21.17,27.73
2/8/18,27.29,36.17,24.41,33.46
2/9/18,32.18,41.06,27.73,29.06
2/12/18,27.25,29.7,24.42,25.61
2/13/18,26.94,27.82,24.47,24.97
2/14/18,23.48,25.72,18.99,19.26
2/15/18,18.39,20.66,17.6,19.13
2/16/18,18.74,20.99,17.44,19.46
2/20/18,20.53,21.61,19.75,20.6
2/21/18,20.76,21.04,16.97,20.02
2/22/18,20.57,20.61,18.07,18.72
2/23/18,17.96,18.8,16.47,16.49
2/26/18,16.53,16.94,15.8,15.8
2/27/18,15.83,18.98,15.29,18.59
2/28/18,18.08,20.44,15.65,19.85
3/1/18,19.96,25.3,19.57,22.47
3/2/18,22.47,26.22,19.36,19.59
3/5/18,21.55,21.57,17.94,18.73
3/6/18,18.25,19.64,17.68,18.36
3/7/18,20.11,20.49,17.52,17.76
3/8/18,17.56,17.68,14.91,16.54
3/9/18,16.41,16.75,13.31,14.64
3/12/18,15.28,16.35,15.18,15.78
3/13/18,15.7,16.98,15.03,16.35
3/14/18,16.59,17.59,14.94,17.23
3/15/18,16.99,17.41,15.96,16.59
3/16/18,16.6,16.72,15.23,15.8
3/19/18,16.63,21.87,16.56,19.02
3/20/18,18.38,19.31,18.09,18.2
3/21/18,17.76,18.37,16.26,17.86
3/22/18,18.13,23.81,18.12,23.34
3/23/18,24.02,26.01,21.63,24.87
3/26/18,23.41,24.54,20.71,21.03
3/27/18,20.33,24.06,19.84,22.5
3/28/18,22.52,24.94,21.71,22.87
3/29/18,22.87,23.05,19.6,19.97
4/2/18,21.07,25.72,20.44,23.62
4/3/18,23.03,23.38,20.92,21.1
4/4/18,21.68,24.51,19.86,20.06
4/5/18,19.76,20.21,18.57,18.94
4/6/18,20.33,23.12,18.6,21.49
4/9/18,21.27,22.02,20.34,21.77
4/10/18,20.51,21.68,20.24,20.47
4/11/18,20.95,21.66,19.64,20.24
4/12/18,19.83,19.92,18.16,18.49
4/13/18,18.27,18.45,17.26,17.41
4/16/18,17.59,17.66,16.38,16.56
4/17/18,16.16,16.27,14.57,15.25
4/18/18,15.3,16.9,14.95,15.6
4/19/18,15.55,16.92,15.16,15.96
4/20/18,16.16,17.5,15.19,16.88
4/23/18,17.29,17.56,15.79,16.34
4/24/18,16.16,19.66,15.37,18.02
4/25/18,18.14,19.84,17.75,17.84
4/26/18,18.07,18.12,16.24,16.24
4/27/18,16.22,16.77,15.25,15.41
4/30/18,15.39,16.35,15.13,15.93
5/1/18,15.78,16.82,15.42,15.49
5/2/18,15.48,15.97,14.75,15.97
5/3/18,15.78,18.66,15.43,15.9
5/4/18,15.94,16.92,10.91,14.77
5/7/18,15.32,15.52,14.51,14.75
5/8/18,14.53,15.56,14.52,14.71
5/9/18,14.54,14.63,13.38,13.42
5/10/18,13.36,13.63,12.92,13.23
5/11/18,13.22,13.44,12.65,12.65
5/14/18,12.95,13.28,12.81,12.93
5/15/18,13.13,15.01,12.5,14.63
5/16/18,14.38,14.91,13.21,13.42
5/17/18,13.54,13.86,12.65,13.43
5/18/18,13.18,13.87,13.06,13.42
5/21/18,13.44,13.59,12.78,13.08
5/22/18,13.03,13.42,12.77,13.22
5/23/18,13.5,14.6,12.49,12.58
5/24/18,12.73,14.24,12.53,12.53
5/25/18,12.44,13.52,12.29,13.22
5/29/18,14.39,18.78,14.39,17.02
5/30/18,16.6,16.64,14.65,14.94
5/31/18,14.93,16.29,14.2,15.43
6/1/18,14.92,14.93,13.37,13.46
6/4/18,13.91,13.91,12.69,12.74
6/5/18,12.91,13.34,12.3,12.4
6/6/18,12.1,12.56,11.62,11.64
6/7/18,11.66,13.28,11.22,12.13
6/8/18,12.54,13.31,12.09,12.18
6/11/18,12.52,12.69,12.14,12.35
6/12/18,12.29,12.6,11.88,12.34
6/13/18,12.13,12.95,11.98,12.94
6/14/18,12.98,13.07,11.88,12.12
6/15/18,12.19,13.16,11.93,11.98
6/18/18,12.79,13.74,12.28,12.31
6/19/18,14.61,14.68,13.21,13.35
6/20/18,12.9,13.02,12.25,12.79
6/21/18,12.54,15.18,12.18,14.64
6/22/18,14.6,14.6,13.11,13.77
6/25/18,15.07,19.61,14.56,17.33
6/26/18,16.71,17.54,15.1,15.92
6/27/18,16.52,18.19,14.76,17.91
6/28/18,17.54,18.99,16.4,16.85
6/29/18,15.73,16.51,14.66,16.09
7/2/18,17.7,18.08,15.54,15.6
7/3/18,15.37,16.45,14.68,16.14
7/5/18,15.62,16.22,14.47,14.97
7/6/18,14.99,15.45,13.34,13.37
7/9/18,13.42,13.45,12.6,12.69
7/10/18,12.52,13.21,11.93,12.64
7/11/18,14.05,14.15,13.09,13.63
7/12/18,13.07,13.33,12.42,12.58
7/13/18,12.39,12.97,11.62,12.18
7/16/18,12.46,12.97,12.13,12.83
7/17/18,12.91,13.18,11.85,12.06
7/18/18,11.87,12.47,11.44,12.1
7/19/18,12.2,13.09,11.79,12.87
7/20/18,13,13.58,12.49,12.86
7/23/18,13.47,13.55,12.58,12.62
7/24/18,12.61,13.21,11.66,12.41
7/25/18,12.37,12.82,11.8,12.29
7/26/18,12.45,12.53,11.78,12.14
7/27/18,12.17,14.26,11.6,13.03
7/30/18,13.63,14.46,12.98,14.26
7/31/18,13.98,14.12,12.81,12.83
8/1/18,13.09,13.63,12.45,13.15
8/2/18,13.57,14.53,12.17,12.19
8/3/18,12.43,12.46,11.07,11.64
8/6/18,11.91,12.15,11.17,11.27
8/7/18,11.12,11.24,10.52,10.93
8/8/18,10.93,11.18,10.52,10.85
8/9/18,10.94,11.31,10.17,11.27
8/10/18,11.82,13.82,11.59,13.16
8/13/18,14.5,15.02,12.95,14.78
8/14/18,13.93,14.22,13.11,13.31
8/15/18,13.52,16.86,13.44,14.64
8/16/18,14.18,14.36,12.82,13.45
8/17/18,13.18,13.96,12.4,12.64
8/20/18,12.57,12.79,12.26,12.49
8/21/18,12.47,12.89,12.09,12.86
8/22/18,13.09,13.29,11.97,12.25
8/23/18,12.03,12.68,11.65,12.41
8/24/18,12.13,12.17,11.83,11.99
8/27/18,12.37,12.48,12.02,12.16
8/28/18,12.01,12.5,11.87,12.5
8/29/18,12.34,12.55,12.09,12.25
8/30/18,12.25,13.95,12.24,13.53
8/31/18,13.54,14.03,12.82,12.86
9/4/18,13.13,14.35,13.12,13.16
9/5/18,13.69,14.3,13.23,13.91
9/6/18,14.21,15.41,13.72,14.65
9/7/18,14.72,15.63,14.31,14.88
9/10/18,15.09,15.2,13.93,14.16
9/11/18,13.96,14.92,13.21,13.22
9/12/18,13.07,13.86,12.91,13.14
9/13/18,12.91,12.91,12.3,12.37
9/14/18,12.13,13.15,11.93,12.07
9/17/18,12.72,13.75,12.32,13.68
9/18/18,13.48,13.48,12.56,12.79
9/19/18,12.61,12.77,11.66,11.75
9/20/18,11.82,11.96,11.31,11.8
9/21/18,11.76,12.03,11.1,11.68
9/24/18,12.46,12.92,12.18,12.2
9/25/18,12.28,12.6,11.8,12.42
9/26/18,12.21,13.13,11.55,12.89
9/27/18,12.77,13,11.94,12.41
9/28/18,12.59,13.22,12.09,12.12
10/1/18,11.99,12.4,11.57,12
10/2/18,12.47,12.69,11.61,12.05
10/3/18,11.66,12.14,11.34,11.61
10/4/18,12.84,15.84,12.42,14.22
10/5/18,14.29,17.36,11.72,14.82
10/8/18,16.05,18.38,15.69,15.69
10/9/18,16.12,17.49,15.27,15.95
10/10/18,16.03,22.96,15.83,22.96
10/11/18,23.07,28.84,20.65,24.98
10/12/18,21.63,26.8,20.88,21.31
10/15/18,21.97,22.89,19.47,21.3
10/16/18,20.28,20.56,17.55,17.62
10/17/18,17.06,19.55,17.06,17.4
10/18/18,18.02,21.57,17.51,20.06
10/19/18,19.24,21.08,18.39,19.89
10/22/18,19.38,20.89,18.82,19.64
10/23/18,22.18,24.66,20.18,20.71
10/24/18,21.6,26.38,20.4,25.23
10/25/18,24.78,24.78,22.06,24.22
10/26/18,24.51,27.52,23.33,24.16
10/29/18,24.48,27.86,22.01,24.7
10/30/18,23.94,25.55,23.11,23.35
10/31/18,22.72,22.8,20.39,21.23
11/1/18,20.96,21.21,19.03,19.34
11/2/18,18.52,21.61,18.05,19.51
11/5/18,20.58,20.87,19.64,19.96
11/6/18,19.84,20.6,19.69,19.91
11/7/18,18.03,18.05,16.33,16.36
11/8/18,16.18,17.2,16.09,16.72
11/9/18,16.87,18.41,16.84,17.36
11/12/18,17.26,20.71,17.25,20.45
11/13/18,19.45,21.25,19.11,20.02
11/14/18,20.52,22.36,19.3,21.25
11/15/18,20.41,22.97,19.94,19.98
11/16/18,20.04,21.36,18.1,18.14
11/19/18,18.78,20.99,18.52,20.1
11/20/18,20.76,23.81,20.37,22.48
11/21/18,21.66,22.31,20.11,20.8
11/23/18,21.23,22.65,20.65,21.52
11/26/18,20.78,20.8,18.67,18.9
11/27/18,19.57,19.78,18.7,19.02
11/28/18,18.73,19.38,18.18,18.49
11/29/18,19.22,20.48,18.62,18.79
11/30/18,19.38,19.38,18.03,18.07
12/3/18,16.04,17.28,15.94,16.44
12/4/18,16.65,21.94,16.26,20.74
12/6/18,24.66,25.94,20.94,21.19
12/7/18,21.15,24.71,19.9,23.23
12/10/18,23.62,25.94,22.5,22.64
12/11/18,21.61,23.6,21.39,21.76
12/12/18,21,21.62,20.5,21.46
12/13/18,20.84,21.38,20.34,20.65
12/14/18,21.47,22.47,20.95,21.63
12/17/18,23.22,25.88,22.43,24.52
12/18/18,24.28,26.14,23.69,25.58
12/19/18,25.97,26.64,22.5,25.58
12/20/18,26.03,30.3,25.35,28.38
12/21/18,28.66,31.35,25.71,30.11
12/24/18,31.21,36.1,31.02,36.07
12/26/18,34.45,36.2,29.59,30.41
12/27/18,32.24,33.8,29.66,29.96
12/28/18,29.64,31.05,27.43,28.34
12/31/18,27.19,27.29,25.33,25.42
1/2/19,27.67,27.72,23.05,23.22
1/3/19,24.67,26.57,24.05,25.45
1/4/19,23.72,24.08,21.19,21.38
1/7/19,22.11,22.27,20.91,21.4
1/8/19,20.66,22.03,20.09,20.47
1/9/19,20.13,22.8,19.48,19.98
1/10/19,20.8,21.32,19.29,19.5
1/11/19,20.02,20.16,18.12,18.19
1/14/19,19.96,19.99,18.7,19.07
1/15/19,19.03,19.05,17.98,18.6
1/16/19,18.84,19.04,18.19,19.04
1/17/19,19.29,19.36,17.85,18.06
1/18/19,17.4,18.18,17.17,17.8
1/22/19,18.65,21.15,18.43,20.8
1/23/19,19.94,22.02,19.47,19.52
1/24/19,19.98,20.25,18.63,18.89
1/25/19,18,18.16,17.31,17.42
1/28/19,19.38,20.42,18.87,18.87
1/29/19,18.81,19.93,18.71,19.13
1/30/19,18.9,19.31,17.54,17.66
1/31/19,17.54,17.72,16.54,16.57
2/1/19,16.37,16.73,16.08,16.14
2/4/19,16.64,16.69,15.6,15.73
2/5/19,15.77,15.94,15.04,15.57
2/6/19,15.44,15.87,15.09,15.38
2/7/19,15.66,17.89,15.51,16.37
2/8/19,16.81,17.63,15.62,15.72
2/11/19,16.17,16.5,15.34,15.97
2/12/19,15.23,15.65,14.95,15.43
2/13/19,15.46,15.91,15,15.65
2/14/19,15.61,17.27,15.3,16.22
2/15/19,16.82,16.82,14.79,14.91
2/19/19,15.65,16.16,14.64,14.88
2/20/19,14.92,15.19,13.99,14.02
2/21/19,14,15.17,13.85,14.46
2/22/19,14.46,14.47,13.51,13.51
2/25/19,13.91,14.9,13.44,14.85
2/26/19,15.16,15.28,14.52,15.17
2/27/19,15.53,16.17,14.7,14.7
2/28/19,15.17,15.24,14.39,14.7
3/1/19,14.57,14.84,13.41,13.57
3/4/19,14.57,16.98,13.38,14.63
3/5/19,14.52,15.39,14.26,14.74
3/6/19,14.91,16.11,14.74,15.74
3/7/19,16.33,17.81,15.54,16.59
3/8/19,17.38,18.33,16.02,16.05
3/11/19,16.28,16.43,14.33,14.33
3/12/19,13.97,14.7,13.61,13.77
3/13/19,14,14.05,13.25,13.41
3/14/19,13.35,13.84,13.16,13.5
3/15/19,13.21,13.28,12.5,12.88
3/18/19,13.13,13.8,13,13.1
3/19/19,12.89,13.77,12.37,13.56
3/20/19,13.54,14.3,13.05,13.91
3/21/19,14.11,14.56,13.26,13.63
3/22/19,13.77,17.52,13.62,16.48
3/25/19,17.76,17.85,16.26,16.33
3/26/19,16.22,16.3,14.67,14.68
3/27/19,14.52,16.71,14.51,15.15
3/28/19,15.38,15.62,14.41,14.43
3/29/19,14.19,14.43,13.64,13.71
4/1/19,13.9,14.01,13.32,13.4
4/2/19,13.62,13.68,13.13,13.36
4/3/19,13.06,14.27,12.85,13.74
4/4/19,13.84,14.03,13.4,13.58
4/5/19,13.46,13.47,12.17,12.82
4/8/19,13.55,13.77,13.1,13.18
4/9/19,13.46,14.39,13.31,14.28
4/10/19,14.09,14.29,13.27,13.3
4/11/19,13.37,13.58,12.91,13.02
4/12/19,12.96,12.96,11.95,12.01
4/15/19,12.46,13.14,12.24,12.32
4/16/19,12.26,12.47,11.85,12.18
4/17/19,12.12,13.02,11.03,12.6
4/18/19,12.8,13.12,12.02,12.09
4/22/19,13.21,13.36,12.38,12.42
4/23/19,12.66,12.69,12.08,12.28
4/24/19,12.53,13.23,12.26,13.14
4/25/19,13.29,14.3,12.81,13.25
4/26/19,13.44,13.62,12.49,12.73
4/29/19,13.04,13.27,12.65,13.11
4/30/19,13.11,14.05,12.88,13.12
5/1/19,12.86,14.83,12.74,14.8
5/2/19,14.35,15.92,13.8,14.42
5/3/19,14.11,14.15,12.8,12.87
5/6/19,12.89,18.8,12.89,15.44
5/7/19,15.9,21.84,15.8,19.32
5/8/19,18.95,21.74,18.29,19.4
5/9/19,21.4,23.38,18.87,19.1
5/10/19,18.79,20.19,15.57,16.04
5/13/19,18.62,21.32,18.35,20.55
5/14/19,19.4,19.65,17.45,18.06
5/15/19,17.57,19.15,16.41,16.44
5/16/19,16.69,17.13,15.16,15.29
5/17/19,15.89,16.81,14.86,15.96
5/20/19,15.88,17.63,15.46,16.31
5/21/19,15.86,16.22,14.79,14.95
5/22/19,15.06,15.44,14.42,14.75
5/23/19,15.93,18.05,15.28,16.92
5/24/19,16.34,16.52,15.52,15.85
5/28/19,16.55,17.7,15.9,17.5
5/29/19,18.55,19.04,17.62,17.9
5/30/19,17.47,18.11,16.72,17.3
5/31/19,19.05,19.72,18.01,18.71
6/3/19,19.41,19.75,18.16,18.86
6/4/19,18.74,18.74,16.97,16.97
6/5/19,17.06,17.49,16.04,16.09
6/6/19,16.25,16.54,15.36,15.93
6/7/19,15.65,16.44,15.33,16.3
6/10/19,16.3,16.47,15.84,15.94
6/11/19,15.84,16.7,15.5,15.99
6/12/19,16.26,16.43,15.78,15.91
6/13/19,16.16,16.21,15.61,15.82
6/14/19,16,16.4,15.21,15.28
6/17/19,15.65,15.76,15.24,15.35
6/18/19,14.89,15.54,14.62,15.15
6/19/19,15.05,15.71,14.15,14.33
6/20/19,14.04,16.03,13.19,14.75
6/21/19,14.74,15.48,14.42,15.4
6/24/19,15.46,15.56,15.23,15.26
6/25/19,15.43,16.68,15.1,16.28
6/26/19,16.1,16.6,15.47,16.21
6/27/19,15.66,16.4,15.66,15.82
6/28/19,15.7,16.13,15.08,15.08
7/1/19,13.85,14.64,13.8,14.06
7/2/19,14.16,14.3,12.9,12.93
7/3/19,13.18,13.19,12.56,12.57
7/5/19,13,14.47,12.04,13.28
7/8/19,13.73,14.44,13.64,13.96
7/9/19,14.47,14.71,13.99,14.09
7/10/19,14.38,14.69,12.98,13.03
7/11/19,13.01,13.33,12.39,12.93
7/12/19,12.76,12.82,12.28,12.39
7/15/19,12.58,13.02,12.49,12.68
7/16/19,12.61,13.14,12.28,12.86
7/17/19,12.62,13.97,12.24,13.97
7/18/19,14.45,14.5,13.19,13.53
7/19/19,13.31,14.45,13.09,14.45
7/22/19,14.55,14.7,13.42,13.53
7/23/19,13.42,13.52,12.55,12.61
7/24/19,12.8,13.1,11.98,12.07
7/25/19,12.24,13.54,11.69,12.74
7/26/19,12.58,12.72,12.01,12.16
7/29/19,12.15,13.17,12.15,12.83
7/30/19,12.87,14.18,12.87,13.94
7/31/19,13.83,16.55,13.46,16.12
8/1/19,15.41,19.46,13.73,17.87
8/2/19,17.69,20.11,17.04,17.61
8/5/19,19.96,24.81,19.91,24.59
8/6/19,22.29,22.87,19.77,20.17
8/7/19,20.7,23.67,18.94,19.49
8/8/19,19.36,19.89,16.82,16.91
8/9/19,18.14,19.44,17.31,17.97
8/12/19,17.87,21.26,17.77,21.09
8/13/19,21.28,21.64,17.52,17.52
8/14/19,17.81,22.71,17.75,22.1
8/15/19,21.58,24.1,20.78,21.18
8/16/19,20.48,20.5,18.41,18.47
8/19/19,17.93,18.22,16.52,16.88
8/20/19,16.78,17.7,16.45,17.5
8/21/19,17.01,17.04,15.51,15.8
8/22/19,16.12,17.68,15.63,16.68
8/23/19,16.15,21.07,16.04,19.87
8/26/19,20.34,21.33,19.06,19.32
8/27/19,20.18,21.04,18.49,20.31
8/28/19,20.55,21.64,19.1,19.35
8/29/19,19.02,19.2,17.6,17.88
8/30/19,17.94,19.18,17.09,18.98
9/3/19,20.96,21.15,19.41,19.66
9/4/19,18.23,18.83,17.26,17.33
9/5/19,16.92,17.05,15.45,16.27
9/6/19,15.92,16.06,14.91,15
9/9/19,15.26,16.13,14.95,15.27
9/10/19,15.53,16.52,15.11,15.2
9/11/19,15.33,15.52,14.55,14.61
9/12/19,14.69,14.94,13.85,14.22
9/13/19,14.16,14.31,13.51,13.74
9/16/19,14.89,15.29,14.5,14.67
9/17/19,14.92,15.03,14.4,14.44
9/18/19,14.61,15.8,13.8,13.95
9/19/19,14.66,14.66,13.31,14.05
9/20/19,13.94,15.84,13.35,15.32
9/23/19,15.35,16,14.71,14.91
9/24/19,14.77,17.62,14.33,17.05
9/25/19,17.05,18.45,15.69,15.96
9/26/19,16.23,17.09,15.35,16.07
9/27/19,15.77,18.69,15.15,17.22
9/30/19,17.23,17.35,16.2,16.24
10/1/19,16.02,18.62,15.79,18.56
10/2/19,18.75,21.46,18.75,20.56
10/3/19,20.11,21.44,19.03,19.12
10/4/19,19.42,19.97,16.97,17.04
10/7/19,18.27,18.52,16.44,17.86
10/8/19,17.61,20.38,17.42,20.28
10/9/19,19.94,20,17.77,18.64
10/10/19,19.28,19.8,17.56,17.57
10/11/19,17.35,17.44,15.11,15.58
10/14/19,15.66,16.5,14.51,14.57
10/15/19,13.94,14.43,13.39,13.54
10/16/19,13.94,14.26,13.6,13.68
10/17/19,13.79,14.18,13.31,13.79
10/18/19,14.2,15.16,13.78,14.25
10/21/19,14.24,14.63,14,14
10/22/19,13.99,14.61,13.7,14.46
10/23/19,14.83,15.12,14.01,14.01
10/24/19,13.98,14.34,13.4,13.71
10/25/19,13.53,13.79,12.62,12.65
10/28/19,13.01,13.14,12.66,13.11
10/29/19,13.16,13.52,13.07,13.2
10/30/19,13.23,13.77,12.27,12.33
10/31/19,12.21,13.95,12.19,13.22
11/1/19,12.99,13.12,12.25,12.3
11/4/19,12.68,13.13,12.44,12.83
11/5/19,12.85,13.28,12.25,13.1
11/6/19,13.18,13.39,12.6,12.62
11/7/19,12.59,12.89,12.26,12.73
11/8/19,12.98,13.05,12,12.07
11/11/19,13.15,13.49,12.66,12.69
11/12/19,12.64,13.1,12.36,12.68
11/13/19,12.91,13.9,12.88,13
11/14/19,13.16,13.81,12.93,13.05
11/15/19,12.95,12.97,11.92,12.05
11/18/19,12.39,13.1,12.32,12.46
11/19/19,12.33,13.01,12.16,12.86
11/20/19,13.42,14.17,12.61,12.78
11/21/19,13.35,13.86,12.49,13.13
11/22/19,12.82,13.25,12.33,12.34
11/25/19,12.51,12.59,11.73,11.87
11/26/19,11.88,12.04,11.42,11.54
11/27/19,11.55,11.79,11.44,11.75
11/29/19,12.5,12.83,12.12,12.62
12/2/19,12.69,15.27,12.55,14.91
12/3/19,14.68,17.99,14.61,15.96
12/4/19,16.38,16.4,14.12,14.8
12/5/19,14.46,15.37,14.17,14.52
12/6/19,14.37,14.47,13.19,13.62
12/9/19,14.25,16.07,12.25,15.86
12/10/19,15.8,16.9,14.93,15.68
12/11/19,15.57,15.97,14.98,14.99
12/12/19,14.94,15.55,13.6,13.94
12/13/19,13.18,14.35,12.54,12.63
12/16/19,12.47,12.53,11.71,12.14
12/17/19,12.23,12.47,11.9,12.29
12/18/19,12.24,12.7,11.93,12.58
12/19/19,12.55,12.78,12.43,12.5
12/20/19,12.55,12.61,12.04,12.51
12/23/19,12.81,12.9,12.41,12.61
12/24/19,12.65,12.84,12.56,12.67
12/26/19,12.74,12.75,11.72,12.65
12/27/19,12.61,13.72,11.89,13.43
12/30/19,13.74,15.14,13.44,14.82
12/31/19,14.84,15.39,13.75,13.78
1/2/20,13.46,13.72,12.42,12.47
1/3/20,15.01,16.2,13.13,14.02
1/6/20,15.45,16.39,13.54,13.85
1/7/20,13.84,14.46,13.39,13.79
1/8/20,15.16,15.24,12.83,13.45
1/9/20,12.95,13.24,12.53,12.54
1/10/20,12.42,12.87,12.09,12.56
1/13/20,12.84,13.09,12.32,12.32
1/14/20,12.72,13.82,12.05,12.39
1/15/20,12.79,12.83,11.95,12.42
1/16/20,12.2,12.42,11.78,12.32
1/17/20,12.21,12.48,11.75,12.1
1/21/20,13.23,13.33,12.32,12.85
1/22/20,12.45,13.01,12.31,12.91
1/23/20,13.26,14.15,12.94,12.98
1/24/20,12.75,15.98,12.62,14.56
1/27/20,17.42,19.02,16.82,18.23
1/28/20,16.94,18.03,15.69,16.28
1/29/20,15.68,16.65,14.94,16.39
1/30/20,17.82,18.39,15.3,15.49
1/31/20,16.25,19.99,16.18,18.84
2/3/20,18.64,18.88,17.1,17.97
2/4/20,16.45,16.46,15.63,16.05
2/5/20,16.29,16.32,15.02,15.15
2/6/20,15.13,15.66,14.7,14.96
2/7/20,15.07,16.16,14.81,15.47
2/10/20,15.88,16.43,15.01,15.04
2/11/20,14.91,15.27,14.38,15.18
2/12/20,14.86,14.88,13.73,13.74
2/13/20,14.43,15.44,14,14.15
2/14/20,14.12,14.54,13.38,13.68
2/18/20,14.98,15.49,14.53,14.83
2/19/20,14.66,14.74,14.21,14.38
2/20/20,14.54,17.21,14.49,15.56
2/21/20,17.33,18.21,16.19,17.08
2/24/20,22.25,26.35,22,25.03
2/25/20,22.19,30.25,22.19,27.85
2/26/20,26.63,29.57,24.76,27.56
2/27/20,28.95,39.31,27.79,39.16
2/28/20,42.02,49.48,39.37,40.11
3/2/20,34.86,43.77,31.5,33.42
3/3/20,33.64,41.06,24.93,36.82
3/4/20,34.44,35.58,30.3,31.99
3/5/20,33.61,42.84,33.54,39.62
3/6/20,41.46,54.39,40.84,41.94
3/9/20,41.94,62.12,41.94,54.46
3/10/20,49.68,55.66,43.56,47.3
3/11/20,52.24,55.82,49.98,53.9
3/12/20,61.46,76.83,59.91,75.47
3/13/20,71.31,77.57,55.17,57.83
3/16/20,57.83,83.56,57.83,82.69
3/17/20,82.69,84.83,70.37,75.91
3/18/20,69.37,85.47,69.37,76.45
3/19/20,80.62,84.26,68.57,72
3/20/20,67.86,69.51,57.42,66.04
3/23/20,74.08,76.74,60.46,61.59
3/24/20,58.76,61.88,36.24,61.67
3/25/20,61.44,68.86,58.03,63.95
3/26/20,65.67,67.06,57.66,61
3/27/20,64.95,69.1,61.8,65.54
3/30/20,66.3,67.69,56.6,57.08
3/31/20,56.69,58.75,50.88,53.54
4/1/20,57.38,60.59,52.76,57.06
4/2/20,54.46,57.24,50.45,50.91
4/3/20,51.11,52.29,46.74,46.8
4/6/20,44.17,45.73,43.45,45.24
4/7/20,44.83,47.51,43.51,46.7
4/8/20,45.9,47.28,42.53,43.35
4/9/20,43,45.73,41.39,41.67
4/13/20,44.6,45.04,41.17,41.17
4/14/20,40.24,40.57,37.31,37.76
4/15/20,39.4,43.23,39.34,40.84
4/16/20,41.92,43.02,39.87,40.11
4/17/20,39.5,40.26,37.63,38.15
4/20/20,40.68,43.83,39.88,43.83
4/21/20,44.28,47.77,43.77,45.41
4/22/20,44.91,45.07,41.41,41.98
4/23/20,41.3,42.47,39.06,41.38
4/24/20,41.91,42.08,35.6,35.93
4/27/20,36.29,36.44,32.51,33.29
4/28/20,33.21,35.39,30.54,33.57
4/29/20,32.48,33.19,30.71,31.23
4/30/20,30.99,35.94,30.93,34.15
5/1/20,38.17,39.57,36.59,37.19
5/4/20,39.13,40.32,35.53,35.97
5/5/20,34.82,36.22,31.95,33.61
5/6/20,32.69,35.69,31.68,34.12
5/7/20,32.12,32.28,30.37,31.44
5/8/20,30.14,30.39,27.89,27.98
5/11/20,28.46,31.46,26.97,27.57
5/12/20,28.47,33.04,26,33.04
5/13/20,32.74,37.42,30.77,35.28
5/14/20,35.16,39.28,32.33,32.61
5/15/20,32.5,35.13,31.04,31.89
5/18/20,30.71,31.08,28.35,29.3
5/19/20,28.73,30.74,28.37,30.53
5/20/20,29.52,29.83,27.83,27.99
5/21/20,28.97,30.2,27.67,29.53
5/22/20,31.36,31.55,28.03,28.16
5/26/20,27.72,28.58,27.18,28.01
5/27/20,27.62,30.53,25.92,27.62
5/28/20,27.82,29.89,27.43,28.59
5/29/20,29.3,30.16,27.29,27.51
6/1/20,28.94,30.6,28.11,28.23
6/2/20,28.4,28.52,26.66,26.84
6/3/20,26.75,26.98,25.04,25.66
6/4/20,26.23,26.43,24.38,25.81
6/5/20,24.79,25.09,23.54,24.52
6/8/20,25.56,25.98,24.65,25.81
6/9/20,25.93,27.7,25.71,27.57
6/10/20,26.73,29.01,26.06,27.57
6/11/20,30.45,42.58,29.49,40.79
6/12/20,37.68,44.16,34.97,36.09
6/15/20,44.09,44.44,34.28,34.4
6/16/20,34.28,37.45,31.73,33.67
6/17/20,33.28,35.17,32.25,33.47
6/18/20,33.83,36.25,32.24,32.94
6/19/20,32.07,35.12,30.4,35.12
6/22/20,35.22,35.39,31.64,31.77
6/23/20,31.71,31.71,29.26,31.37
6/24/20,31.05,37.12,30.95,33.84
6/25/20,36.59,36.93,31.59,32.22
6/26/20,33.01,36.25,31.04,34.73
6/29/20,35.05,36.31,31.78,31.78
6/30/20,32.54,32.94,29.56,30.43
7/1/20,30.96,31.76,28.2,28.62
7/2/20,28.33,28.44,25.9,27.68
7/6/20,27.76,28.33,24.92,27.94
7/7/20,28.77,29.63,27.25,29.43
7/8/20,28.95,30.2,27.24,28.08
7/9/20,28.18,31.48,26.11,29.26
7/10/20,30.86,30.91,27.13,27.29
7/13/20,27.85,32.45,26.87,32.19
7/14/20,31.14,33.67,29.21,29.52
7/15/20,29.15,30.09,27.17,27.76
7/16/20,28.41,29.29,26.98,28
7/17/20,27.15,27.54,25.41,25.68
7/20/20,26.94,27.08,24.35,24.46
7/21/20,24.08,25.65,23.61,24.84
7/22/20,24.56,26.26,24.13,24.32
7/23/20,23.97,26.95,23.6,26.08
7/24/20,27.96,28.58,25.53,25.84
7/27/20,26.6,26.94,24.55,24.74
7/28/20,24.86,25.85,24.05,25.44
7/29/20,25.16,25.42,23.73,24.1
7/30/20,25.04,28.29,24.64,24.76
7/31/20,24.79,26.41,23.55,24.46
8/3/20,25.75,26.01,22.17,24.28
8/4/20,24.01,24.76,22.92,23.76
8/5/20,23.44,23.61,22.86,22.99
8/6/20,23.03,24.11,20.97,22.65
8/7/20,23.45,24.02,22.02,22.21
8/10/20,22.88,23.52,21.46,22.13
8/11/20,21.85,24.93,20.28,24.03
8/12/20,22.82,22.88,21.54,22.28
8/13/20,22.2,22.92,21.45,22.13
8/14/20,22.27,23.55,21.79,22.05
8/17/20,22.52,22.82,21.34,21.35
8/18/20,21.69,22.55,21.18,21.51
8/19/20,21.6,22.98,20.99,22.54
8/20/20,24.1,24.6,22.37,22.72
8/21/20,22.58,24.47,22.06,22.54
8/24/20,22.87,23.18,21.25,22.37
8/25/20,22.16,23.43,21.53,22.03
8/26/20,22.14,23.27,20.92,23.27
8/27/20,23.42,27.09,21.44,24.47
8/28/20,24.59,26.3,22.64,22.96
8/31/20,23.91,26.5,21.77,26.41
9/1/20,25.86,26.59,25.02,26.12
9/2/20,26.01,27.07,25.53,26.57
9/3/20,26.28,35.94,25.66,33.6
9/4/20,34.62,38.28,29.5,30.75
9/8/20,30.61,35.93,30.52,31.46
9/9/20,31.68,31.78,28.12,28.81
9/10/20,28.67,30.56,27.59,29.71
9/11/20,28.63,29.73,26.51,26.87
9/14/20,25.86,26.79,25.38,25.85
9/15/20,25.92,26,24.92,25.59
9/16/20,25.31,26.59,24.84,26.04
9/17/20,28.22,28.92,26.26,26.46
9/18/20,26.65,28.1,25.28,25.83
9/21/20,28.04,31.18,27.39,27.78
9/22/20,28.61,28.78,26.48,26.86
9/23/20,27.02,29.73,25.19,28.58
9/24/20,29.54,30.49,27.94,28.51
9/25/20,28.17,30.43,26.02,26.38
9/28/20,27.15,27.19,24.9,26.19
9/29/20,26.81,27.43,25.98,26.27
9/30/20,26.69,27.12,25.06,26.37
10/1/20,25.78,27.11,25.33,26.7
10/2/20,28.87,29.9,26.93,27.63
10/5/20,29.52,29.69,27.27,27.96
10/6/20,28.05,30,26.01,29.48
10/7/20,29.26,29.76,27.94,28.06
10/8/20,27.65,27.99,24.88,26.36
10/9/20,26.2,26.22,24.03,25
10/12/20,25.65,25.65,24.14,25.07
10/13/20,25.67,26.93,25.16,26.07
10/14/20,25.72,27.23,25.53,26.4
10/15/20,27.1,29.06,26.82,26.97
10/16/20,27.16,27.46,26.19,27.41
10/19/20,27.36,29.69,27.04,29.18
10/20/20,28.81,29.6,28.29,29.35
10/21/20,29.12,30.55,28.37,28.65
10/22/20,30.1,30.12,27.68,28.11
10/23/20,28.47,28.67,27.26,27.55
10/26/20,29.38,33.68,29.22,32.46
10/27/20,32.04,33.77,31.85,33.35
10/28/20,34.69,40.77,34.68,40.28
10/29/20,38.8,41.16,35.63,37.59
10/30/20,40.81,41.09,36.5,38.02
11/2/20,38.57,38.78,36.13,37.13
11/3/20,36.44,36.44,34.19,35.55
11/4/20,36.79,36.85,28.03,29.57
11/5/20,27.56,28.14,26.04,27.58
11/6/20,27.87,29.44,24.56,24.86
11/9/20,24.8,25.82,22.41,25.75
11/10/20,25.36,26.77,24.35,24.8
11/11/20,25.01,25.12,22.57,23.45
11/12/20,24.39,27.27,23.53,25.35
11/13/20,24.94,25.03,22.74,23.1
11/16/20,23.66,24.08,22.43,22.45
11/17/20,22.84,24.09,22.34,22.71
11/18/20,22.86,23.92,21.66,23.84
11/19/20,23.62,24.52,22.56,23.11
11/20/20,23.43,23.73,22.13,23.7
11/23/20,23.66,23.96,22.45,22.66
11/24/20,22.04,22.48,20.8,21.64
11/25/20,21.65,22.5,21.13,21.25
11/27/20,21.52,21.6,19.51,20.84
11/30/20,22.64,22.89,20.48,20.57
12/1/20,20.21,20.92,20,20.77
12/2/20,21,21.25,20.04,21.17
12/3/20,21.24,21.88,20.72,21.28
12/4/20,21.05,21.15,19.97,20.79
12/7/20,22.04,22.62,21.17,21.3
12/8/20,21.65,22.25,20.52,20.68
12/9/20,20.66,22.93,20.1,22.27
12/10/20,22.12,23.46,21.53,22.52
12/11/20,22.49,25.14,22.48,23.31
12/14/20,22.67,24.82,21.95,24.72
12/15/20,24,24.07,22.73,22.89
12/16/20,22.51,23.67,22.29,22.5
12/17/20,21.98,22.27,21.52,21.93
12/18/20,22.15,23.77,21.57,21.57
12/21/20,24.25,31.46,24.23,25.16
12/22/20,25.24,25.56,23.53,24.23
12/23/20,23.49,23.68,22.13,23.31
12/24/20,22.47,22.83,21.39,21.53
12/28/20,22.11,22.12,21.15,21.7
12/29/20,21.61,23.72,20.99,23.08
12/30/20,22.58,23.15,22.41,22.77
12/31/20,22.99,23.25,21.24,22.75
,,,,
,,,,
,,,,
,,,,
,,,,
,,,,
,,,,
,,,,
,,,,
,,,,
,,,,
,,,,
,,,,
,,,,
,,,,
,,,,
,,,,
,,,,
,,,,
,,,,
,,,,
,,,,
,,,,
,,,,
,,,,
,,,,
,,,,
,,,,
,,,,
,,,,
,,,,
,,,,
,,,,
,,,,
,,,,
,,,,
,,,,
,,,,
,,,,
,,,,
,,,,
,,,,
,,,,
,,,,
,,,,
,,,,
,,,,
,,,,
,,,,
,,,,
,,,,
,,,,
,,,,
,,,,
,,,,
,,,,
,,,,
,,,,
,,,,
,,,,
,,,,
,,,,
,,,,
,,,,
,,,,
,,,,
,,,,
,,,,
,,,,
,,,,
,,,,
,,,,
,,,,
,,,,
,,,,
,,,,
,,,,
,,,,
,,,,
,,,,
,,,,
,,,,
,,,,
,,,,
,,,,
,,,,
,,,,
,,,,
,,,,
,,,,
,,,,
,,,,
,,,,
,,,,
,,,,
,,,,
,,,,
,,,,
,,,,
,,,,
,,,,
,,,,
,,,,
,,,,
,,,,
,,,,
,,,,
,,,,
,,,,
,,,,
,,,,
,,,,
,,,,
,,,,
,,,,
,,,,
,,,,
,,,,
,,,,
,,,,
,,,,
,,,,
,,,,
,,,,
,,,,
,,,,
,,,,
,,,,
,,,,
,,,,
,,,,
,,,,
,,,,
,,,,
,,,,
,,,,
,,,,
,,,,
,,,,
,,,,
,,,,
,,,,
,,,,
,,,,
,,,,
,,,,
,,,,
,,,,
,,,,
,,,,
,,,,
,,,,
,,,,
,,,,
,,,,
,,,,
,,,,
,,,,
,,,,
,,,,
,,,,
,,,,
,,,,
,,,,
,,,,
,,,,
,,,,
,,,,
,,,,
,,,,
,,,,
,,,,
,,,,
,,,,
,,,,
,,,,
,,,,
,,,,
,,,,
,,,,
,,,,
,,,,
,,,,
,,,,
,,,,
,,,,
,,,,
,,,,
,,,,
,,,,
,,,,
,,,,
,,,,
,,,,
,,,,
,,,,
,,,,
,,,,
,,,,
,,,,
,,,,
,,,,
,,,,
,,,,
,,,,
,,,,
,,,,
,,,,
,,,,
,,,,
,,,,
,,,,
,,,,
,,,,
,,,,
,,,,
,,,,
,,,,
,,,,
,,,,
,,,,
,,,,
,,,,
,,,,
,,,,
,,,,
,,,,
,,,,
,,,,
,,,,
,,,,
,,,,
,,,,
,,,,
,,,,
,,,,
,,,,
,,,,
,,,,
,,,,
,,,,
,,,,
,,,,
,,,,
,,,,
,,,,
,,,,
,,,,
,,,,
,,,,
,,,,
,,,,
,,,,
,,,,
,,,,
,,,,
,,,,
,,,,
,,,,
,,,,
,,,,
,,,,
,,,,
,,,,
,,,,
,,,,
,,,,
,,,,
,,,,
,,,,
,,,,
,,,,
,,,,
,,,,
,,,,
,,,,
,,,,
,,,,
,,,,
,,,,
,,,,
,,,,
,,,,
,,,,
,,,,
,,,,
,,,,
,,,,
,,,,
,,,,
,,,,
,,,,
,,,,
,,,,
,,,,
,,,,
,,,,
,,,,
,,,,
,,,,
,,,,
,,,,
,,,,
,,,,
,,,,
,,,,
,,,,
,,,,
,,,,
,,,,
,,,,
,,,,
,,,,
,,,,
,,,,
,,,,
,,,,
,,,,
,,,,
,,,,
,,,,
,,,,
,,,,
,,,,
,,,,
,,,,
,,,,
,,,,
,,,,
,,,,
,,,,
,,,,
,,,,
,,,,
,,,,
,,,,
,,,,
,,,,
,,,,
,,,,
,,,,
,,,,
,,,,
,,,,
,,,,
,,,,
,,,,
,,,,
,,,,
,,,,
,,,,
,,,,
,,,,
,,,,
,,,,
,,,,
,,,,
,,,,
,,,,
,,,,
,,,,
,,,,
,,,,
,,,,
,,,,
,,,,
,,,,
,,,,
,,,,
,,,,
,,,,
,,,,
,,,,
,,,,
,,,,
,,,,
,,,,
,,,,
,,,,
,,,,
,,,,
,,,,
,,,,
,,,,
,,,,
,,,,
,,,,
,,,,
,,,,
,,,,
,,,,
,,,,
,,,,
,,,,
,,,,
,,,,
,,,,
,,,,
,,,,
,,,,
,,,,
,,,,
,,,,
,,,,
,,,,
,,,,
,,,,
,,,,
,,,,
,,,,
,,,,
,,,,
,,,,
,,,,
,,,,
,,,,
,,,,
,,,,
,,,,
,,,,
,,,,
,,,,
,,,,
,,,,
,,,,
,,,,
,,,,
,,,,
,,,,
,,,,
,,,,
,,,,
,,,,
,,,,
,,,,
,,,,
,,,,
,,,,
,,,,
,,,,
,,,,
,,,,
,,,,
,,,,
,,,,
,,,,
,,,,
,,,,
,,,,
,,,,
,,,,
,,,,
,,,,
,,,,
,,,,
,,,,
,,,,
,,,,
,,,,
,,,,
,,,,
,,,,
,,,,
,,,,
,,,,
,,,,
,,,,
,,,,
,,,,
,,,,
,,,,
,,,,
,,,,
,,,,
,,,,
,,,,
,,,,
,,,,
,,,,
,,,,
,,,,
,,,,
,,,,
,,,,
,,,,
,,,,
,,,,
,,,,
,,,,
,,,,
,,,,
,,,,
,,,,
,,,,
,,,,
,,,,
,,,,
,,,,
,,,,
,,,,
,,,,
,,,,
,,,,
,,,,
,,,,
,,,,
,,,,
,,,,
,,,,
,,,,
,,,,
,,,,
,,,,
,,,,
,,,,
,,,,
,,,,
,,,,
,,,,
,,,,
,,,,
,,,,
,,,,
,,,,
,,,,
,,,,
,,,,
,,,,
,,,,
,,,,
,,,,
,,,,
,,,,
,,,,
,,,,
,,,,
,,,,